state_abbr,offense_code,offense_label,victim_count_2023,source_url,source_name,pulled_date
AL,11A,Rape,1129,https://cde.ucr.cjis.gov/LATEST/webapp/#/pages/explorer/crime/crime-trend,"FBI Crime Data Explorer, NIBRS Group A sex offenses (11A-11D), state summarized monthly rates summed to annual",2026-10-02
AL,11B,Sodomy,571,https://cde.ucr.cjis.gov/LATEST/webapp/#/pages/explorer/crime/crime-trend,"FBI Crime Data Explorer, NIBRS Group A sex offenses (11A-11D), state summarized monthly rates summed to annual",2026-10-02
AL,11C,Sexual Assault With An Object,137,https://cde.ucr.cjis.gov/LATEST/webapp/#/pages/explorer/crime/crime-trend,"FBI Crime Data Explorer, NIBRS Group A sex offenses (11A-11D), state summarized monthly rates summed to annual",2026-10-02
AL,11D,Fondling,524,https://cde.ucr.cjis.gov/LATEST/webapp/#/pages/explorer/crime/crime-trend,"FBI Crime Data Explorer, NIBRS Group A sex offenses (11A-11D), state summarized monthly rates summed to annual",2026-10-02
AK,11A,Rape,333,https://cde.ucr.cjis.gov/LATEST/webapp/#/pages/explorer/crime/crime-trend,"FBI Crime Data Explorer, NIBRS Group A sex offenses (11A-11D), state summarized monthly rates summed to annual",2026-10-02
AK,11B,Sodomy,103,https://cde.ucr.cjis.gov/LATEST/webapp/#/pages/explorer/crime/crime-trend,"FBI Crime Data Explorer, NIBRS Group A sex offenses (11A-11D), state summarized monthly rates summed to annual",2026-10-02
AK,11C,Sexual Assault With An Object,76,https://cde.ucr.cjis.gov/LATEST/webapp/#/pages/explorer/crime/crime-trend,"FBI Crime Data Explorer, NIBRS Group A sex offenses (11A-11D), state summarized monthly rates summed to annual",2026-10-02
AK,11D,Fondling,274,https://cde.ucr.cjis.gov/LATEST/webapp/#/pages/explorer/crime/crime-trend,"FBI Crime Data Explorer, NIBRS Group A sex offenses (11A-11D), state summarized monthly rates summed to annual",2026-10-02
AZ,11A,Rape,1381,https://cde.ucr.cjis.gov/LATEST/webapp/#/pages/explorer/crime/crime-trend,"FBI Crime Data Explorer, NIBRS Group A sex offenses (11A-11D), state summarized monthly rates summed to annual",2026-10-02
AZ,11B,Sodomy,314,https://cde.ucr.cjis.gov/LATEST/webapp/#/pages/explorer/crime/crime-trend,"FBI Crime Data Explorer, NIBRS Group A sex offenses (11A-11D), state summarized monthly rates summed to annual",2026-10-02
AZ,11C,Sexual Assault With An Object,176,https://cde.ucr.cjis.gov/LATEST/webapp/#/pages/explorer/crime/crime-trend,"FBI Crime Data Explorer, NIBRS Group A sex offenses (11A-11D), state summarized monthly rates summed to annual",2026-10-02
AZ,11D,Fondling,1942,https://cde.ucr.cjis.gov/LATEST/webapp/#/pages/explorer/crime/crime-trend,"FBI Crime Data Explorer, NIBRS Group A sex offenses (11A-11D), state summarized monthly rates summed to annual",2026-10-02
AR,11A,Rape,1597,https://cde.ucr.cjis.gov/LATEST/webapp/#/pages/explorer/crime/crime-trend,"FBI Crime Data Explorer, NIBRS Group A sex offenses (11A-11D), state summarized monthly rates summed to annual",2026-10-02
AR,11B,Sodomy,662,https://cde.ucr.cjis.gov/LATEST/webapp/#/pages/explorer/crime/crime-trend,"FBI Crime Data Explorer, NIBRS Group A sex offenses (11A-11D), state summarized monthly rates summed to annual",2026-10-02
AR,11C,Sexual Assault With An Object,71,https://cde.ucr.cjis.gov/LATEST/webapp/#/pages/explorer/crime/crime-trend,"FBI Crime Data Explorer, NIBRS Group A sex offenses (11A-11D), state summarized monthly rates summed to annual",2026-10-02
AR,11D,Fondling,729,https://cde.ucr.cjis.gov/LATEST/webapp/#/pages/explorer/crime/crime-trend,"FBI Crime Data Explorer, NIBRS Group A sex offenses (11A-11D), state summarized monthly rates summed to annual",2026-10-02
CA,11A,Rape,6656,https://cde.ucr.cjis.gov/LATEST/webapp/#/pages/explorer/crime/crime-trend,"FBI Crime Data Explorer, NIBRS Group A sex offenses (11A-11D), state summarized monthly rates summed to annual",2026-10-02
CA,11B,Sodomy,2273,https://cde.ucr.cjis.gov/LATEST/webapp/#/pages/explorer/crime/crime-trend,"FBI Crime Data Explorer, NIBRS Group A sex offenses (11A-11D), state summarized monthly rates summed to annual",2026-10-02
CA,11C,Sexual Assault With An Object,1309,https://cde.ucr.cjis.gov/LATEST/webapp/#/pages/explorer/crime/crime-trend,"FBI Crime Data Explorer, NIBRS Group A sex offenses (11A-11D), state summarized monthly rates summed to annual",2026-10-02
CA,11D,Fondling,9908,https://cde.ucr.cjis.gov/LATEST/webapp/#/pages/explorer/crime/crime-trend,"FBI Crime Data Explorer, NIBRS Group A sex offenses (11A-11D), state summarized monthly rates summed to annual",2026-10-02
CO,11A,Rape,2597,https://cde.ucr.cjis.gov/LATEST/webapp/#/pages/explorer/crime/crime-trend,"FBI Crime Data Explorer, NIBRS Group A sex offenses (11A-11D), state summarized monthly rates summed to annual",2026-10-02
CO,11B,Sodomy,666,https://cde.ucr.cjis.gov/LATEST/webapp/#/pages/explorer/crime/crime-trend,"FBI Crime Data Explorer, NIBRS Group A sex offenses (11A-11D), state summarized monthly rates summed to annual",2026-10-02
CO,11C,Sexual Assault With An Object,532,https://cde.ucr.cjis.gov/LATEST/webapp/#/pages/explorer/crime/crime-trend,"FBI Crime Data Explorer, NIBRS Group A sex offenses (11A-11D), state summarized monthly rates summed to annual",2026-10-02
CO,11D,Fondling,2559,https://cde.ucr.cjis.gov/LATEST/webapp/#/pages/explorer/crime/crime-trend,"FBI Crime Data Explorer, NIBRS Group A sex offenses (11A-11D), state summarized monthly rates summed to annual",2026-10-02
CT,11A,Rape,639,https://cde.ucr.cjis.gov/LATEST/webapp/#/pages/explorer/crime/crime-trend,"FBI Crime Data Explorer, NIBRS Group A sex offenses (11A-11D), state summarized monthly rates summed to annual",2026-10-02
CT,11B,Sodomy,100,https://cde.ucr.cjis.gov/LATEST/webapp/#/pages/explorer/crime/crime-trend,"FBI Crime Data Explorer, NIBRS Group A sex offenses (11A-11D), state summarized monthly rates summed to annual",2026-10-02
CT,11C,Sexual Assault With An Object,49,https://cde.ucr.cjis.gov/LATEST/webapp/#/pages/explorer/crime/crime-trend,"FBI Crime Data Explorer, NIBRS Group A sex offenses (11A-11D), state summarized monthly rates summed to annual",2026-10-02
CT,11D,Fondling,948,https://cde.ucr.cjis.gov/LATEST/webapp/#/pages/explorer/crime/crime-trend,"FBI Crime Data Explorer, NIBRS Group A sex offenses (11A-11D), state summarized monthly rates summed to annual",2026-10-02
DE,11A,Rape,172,https://cde.ucr.cjis.gov/LATEST/webapp/#/pages/explorer/crime/crime-trend,"FBI Crime Data Explorer, NIBRS Group A sex offenses (11A-11D), state summarized monthly rates summed to annual",2026-10-02
DE,11B,Sodomy,72,https://cde.ucr.cjis.gov/LATEST/webapp/#/pages/explorer/crime/crime-trend,"FBI Crime Data Explorer, NIBRS Group A sex offenses (11A-11D), state summarized monthly rates summed to annual",2026-10-02
DE,11C,Sexual Assault With An Object,17,https://cde.ucr.cjis.gov/LATEST/webapp/#/pages/explorer/crime/crime-trend,"FBI Crime Data Explorer, NIBRS Group A sex offenses (11A-11D), state summarized monthly rates summed to annual",2026-10-02
DE,11D,Fondling,308,https://cde.ucr.cjis.gov/LATEST/webapp/#/pages/explorer/crime/crime-trend,"FBI Crime Data Explorer, NIBRS Group A sex offenses (11A-11D), state summarized monthly rates summed to annual",2026-10-02
DC,11A,Rape,221,https://cde.ucr.cjis.gov/LATEST/webapp/#/pages/explorer/crime/crime-trend,"FBI Crime Data Explorer, NIBRS Group A sex offenses (11A-11D), state summarized monthly rates summed to annual",2026-10-02
DC,11B,Sodomy,29,https://cde.ucr.cjis.gov/LATEST/webapp/#/pages/explorer/crime/crime-trend,"FBI Crime Data Explorer, NIBRS Group A sex offenses (11A-11D), state summarized monthly rates summed to annual",2026-10-02
DC,11C,Sexual Assault With An Object,40,https://cde.ucr.cjis.gov/LATEST/webapp/#/pages/explorer/crime/crime-trend,"FBI Crime Data Explorer, NIBRS Group A sex offenses (11A-11D), state summarized monthly rates summed to annual",2026-10-02
DC,11D,Fondling,443,https://cde.ucr.cjis.gov/LATEST/webapp/#/pages/explorer/crime/crime-trend,"FBI Crime Data Explorer, NIBRS Group A sex offenses (11A-11D), state summarized monthly rates summed to annual",2026-10-02
FL,11A,Rape,3432,https://cde.ucr.cjis.gov/LATEST/webapp/#/pages/explorer/crime/crime-trend,"FBI Crime Data Explorer, NIBRS Group A sex offenses (11A-11D), state summarized monthly rates summed to annual",2026-10-02
FL,11B,Sodomy,599,https://cde.ucr.cjis.gov/LATEST/webapp/#/pages/explorer/crime/crime-trend,"FBI Crime Data Explorer, NIBRS Group A sex offenses (11A-11D), state summarized monthly rates summed to annual",2026-10-02
FL,11C,Sexual Assault With An Object,277,https://cde.ucr.cjis.gov/LATEST/webapp/#/pages/explorer/crime/crime-trend,"FBI Crime Data Explorer, NIBRS Group A sex offenses (11A-11D), state summarized monthly rates summed to annual",2026-10-02
FL,11D,Fondling,1607,https://cde.ucr.cjis.gov/LATEST/webapp/#/pages/explorer/crime/crime-trend,"FBI Crime Data Explorer, NIBRS Group A sex offenses (11A-11D), state summarized monthly rates summed to annual",2026-10-02
GA,11A,Rape,2009,https://cde.ucr.cjis.gov/LATEST/webapp/#/pages/explorer/crime/crime-trend,"FBI Crime Data Explorer, NIBRS Group A sex offenses (11A-11D), state summarized monthly rates summed to annual",2026-10-02
GA,11B,Sodomy,1227,https://cde.ucr.cjis.gov/LATEST/webapp/#/pages/explorer/crime/crime-trend,"FBI Crime Data Explorer, NIBRS Group A sex offenses (11A-11D), state summarized monthly rates summed to annual",2026-10-02
GA,11C,Sexual Assault With An Object,504,https://cde.ucr.cjis.gov/LATEST/webapp/#/pages/explorer/crime/crime-trend,"FBI Crime Data Explorer, NIBRS Group A sex offenses (11A-11D), state summarized monthly rates summed to annual",2026-10-02
GA,11D,Fondling,4874,https://cde.ucr.cjis.gov/LATEST/webapp/#/pages/explorer/crime/crime-trend,"FBI Crime Data Explorer, NIBRS Group A sex offenses (11A-11D), state summarized monthly rates summed to annual",2026-10-02
HI,11A,Rape,552,https://cde.ucr.cjis.gov/LATEST/webapp/#/pages/explorer/crime/crime-trend,"FBI Crime Data Explorer, NIBRS Group A sex offenses (11A-11D), state summarized monthly rates summed to annual",2026-10-02
HI,11B,Sodomy,113,https://cde.ucr.cjis.gov/LATEST/webapp/#/pages/explorer/crime/crime-trend,"FBI Crime Data Explorer, NIBRS Group A sex offenses (11A-11D), state summarized monthly rates summed to annual",2026-10-02
HI,11C,Sexual Assault With An Object,49,https://cde.ucr.cjis.gov/LATEST/webapp/#/pages/explorer/crime/crime-trend,"FBI Crime Data Explorer, NIBRS Group A sex offenses (11A-11D), state summarized monthly rates summed to annual",2026-10-02
HI,11D,Fondling,428,https://cde.ucr.cjis.gov/LATEST/webapp/#/pages/explorer/crime/crime-trend,"FBI Crime Data Explorer, NIBRS Group A sex offenses (11A-11D), state summarized monthly rates summed to annual",2026-10-02
ID,11A,Rape,678,https://cde.ucr.cjis.gov/LATEST/webapp/#/pages/explorer/crime/crime-trend,"FBI Crime Data Explorer, NIBRS Group A sex offenses (11A-11D), state summarized monthly rates summed to annual",2026-10-02
ID,11B,Sodomy,144,https://cde.ucr.cjis.gov/LATEST/webapp/#/pages/explorer/crime/crime-trend,"FBI Crime Data Explorer, NIBRS Group A sex offenses (11A-11D), state summarized monthly rates summed to annual",2026-10-02
ID,11C,Sexual Assault With An Object,198,https://cde.ucr.cjis.gov/LATEST/webapp/#/pages/explorer/crime/crime-trend,"FBI Crime Data Explorer, NIBRS Group A sex offenses (11A-11D), state summarized monthly rates summed to annual",2026-10-02
ID,11D,Fondling,1051,https://cde.ucr.cjis.gov/LATEST/webapp/#/pages/explorer/crime/crime-trend,"FBI Crime Data Explorer, NIBRS Group A sex offenses (11A-11D), state summarized monthly rates summed to annual",2026-10-02
IL,11A,Rape,4842,https://cde.ucr.cjis.gov/LATEST/webapp/#/pages/explorer/crime/crime-trend,"FBI Crime Data Explorer, NIBRS Group A sex offenses (11A-11D), state summarized monthly rates summed to annual",2026-10-02
IL,11B,Sodomy,211,https://cde.ucr.cjis.gov/LATEST/webapp/#/pages/explorer/crime/crime-trend,"FBI Crime Data Explorer, NIBRS Group A sex offenses (11A-11D), state summarized monthly rates summed to annual",2026-10-02
IL,11C,Sexual Assault With An Object,11,https://cde.ucr.cjis.gov/LATEST/webapp/#/pages/explorer/crime/crime-trend,"FBI Crime Data Explorer, NIBRS Group A sex offenses (11A-11D), state summarized monthly rates summed to annual",2026-10-02
IL,11D,Fondling,2458,https://cde.ucr.cjis.gov/LATEST/webapp/#/pages/explorer/crime/crime-trend,"FBI Crime Data Explorer, NIBRS Group A sex offenses (11A-11D), state summarized monthly rates summed to annual",2026-10-02
IN,11A,Rape,1696,https://cde.ucr.cjis.gov/LATEST/webapp/#/pages/explorer/crime/crime-trend,"FBI Crime Data Explorer, NIBRS Group A sex offenses (11A-11D), state summarized monthly rates summed to annual",2026-10-02
IN,11B,Sodomy,519,https://cde.ucr.cjis.gov/LATEST/webapp/#/pages/explorer/crime/crime-trend,"FBI Crime Data Explorer, NIBRS Group A sex offenses (11A-11D), state summarized monthly rates summed to annual",2026-10-02
IN,11C,Sexual Assault With An Object,100,https://cde.ucr.cjis.gov/LATEST/webapp/#/pages/explorer/crime/crime-trend,"FBI Crime Data Explorer, NIBRS Group A sex offenses (11A-11D), state summarized monthly rates summed to annual",2026-10-02
IN,11D,Fondling,2948,https://cde.ucr.cjis.gov/LATEST/webapp/#/pages/explorer/crime/crime-trend,"FBI Crime Data Explorer, NIBRS Group A sex offenses (11A-11D), state summarized monthly rates summed to annual",2026-10-02
IA,11A,Rape,1039,https://cde.ucr.cjis.gov/LATEST/webapp/#/pages/explorer/crime/crime-trend,"FBI Crime Data Explorer, NIBRS Group A sex offenses (11A-11D), state summarized monthly rates summed to annual",2026-10-02
IA,11B,Sodomy,188,https://cde.ucr.cjis.gov/LATEST/webapp/#/pages/explorer/crime/crime-trend,"FBI Crime Data Explorer, NIBRS Group A sex offenses (11A-11D), state summarized monthly rates summed to annual",2026-10-02
IA,11C,Sexual Assault With An Object,129,https://cde.ucr.cjis.gov/LATEST/webapp/#/pages/explorer/crime/crime-trend,"FBI Crime Data Explorer, NIBRS Group A sex offenses (11A-11D), state summarized monthly rates summed to annual",2026-10-02
IA,11D,Fondling,852,https://cde.ucr.cjis.gov/LATEST/webapp/#/pages/explorer/crime/crime-trend,"FBI Crime Data Explorer, NIBRS Group A sex offenses (11A-11D), state summarized monthly rates summed to annual",2026-10-02
KS,11A,Rape,1088,https://cde.ucr.cjis.gov/LATEST/webapp/#/pages/explorer/crime/crime-trend,"FBI Crime Data Explorer, NIBRS Group A sex offenses (11A-11D), state summarized monthly rates summed to annual",2026-10-02
KS,11B,Sodomy,317,https://cde.ucr.cjis.gov/LATEST/webapp/#/pages/explorer/crime/crime-trend,"FBI Crime Data Explorer, NIBRS Group A sex offenses (11A-11D), state summarized monthly rates summed to annual",2026-10-02
KS,11C,Sexual Assault With An Object,0,https://cde.ucr.cjis.gov/LATEST/webapp/#/pages/explorer/crime/crime-trend,"FBI Crime Data Explorer, NIBRS Group A sex offenses (11A-11D), state summarized monthly rates summed to annual",2026-10-02
KS,11D,Fondling,1430,https://cde.ucr.cjis.gov/LATEST/webapp/#/pages/explorer/crime/crime-trend,"FBI Crime Data Explorer, NIBRS Group A sex offenses (11A-11D), state summarized monthly rates summed to annual",2026-10-02
KY,11A,Rape,1251,https://cde.ucr.cjis.gov/LATEST/webapp/#/pages/explorer/crime/crime-trend,"FBI Crime Data Explorer, NIBRS Group A sex offenses (11A-11D), state summarized monthly rates summed to annual",2026-10-02
KY,11B,Sodomy,634,https://cde.ucr.cjis.gov/LATEST/webapp/#/pages/explorer/crime/crime-trend,"FBI Crime Data Explorer, NIBRS Group A sex offenses (11A-11D), state summarized monthly rates summed to annual",2026-10-02
KY,11C,Sexual Assault With An Object,0,https://cde.ucr.cjis.gov/LATEST/webapp/#/pages/explorer/crime/crime-trend,"FBI Crime Data Explorer, NIBRS Group A sex offenses (11A-11D), state summarized monthly rates summed to annual",2026-10-02
KY,11D,Fondling,1796,https://cde.ucr.cjis.gov/LATEST/webapp/#/pages/explorer/crime/crime-trend,"FBI Crime Data Explorer, NIBRS Group A sex offenses (11A-11D), state summarized monthly rates summed to annual",2026-10-02
LA,11A,Rape,1012,https://cde.ucr.cjis.gov/LATEST/webapp/#/pages/explorer/crime/crime-trend,"FBI Crime Data Explorer, NIBRS Group A sex offenses (11A-11D), state summarized monthly rates summed to annual",2026-10-02
LA,11B,Sodomy,290,https://cde.ucr.cjis.gov/LATEST/webapp/#/pages/explorer/crime/crime-trend,"FBI Crime Data Explorer, NIBRS Group A sex offenses (11A-11D), state summarized monthly rates summed to annual",2026-10-02
LA,11C,Sexual Assault With An Object,79,https://cde.ucr.cjis.gov/LATEST/webapp/#/pages/explorer/crime/crime-trend,"FBI Crime Data Explorer, NIBRS Group A sex offenses (11A-11D), state summarized monthly rates summed to annual",2026-10-02
LA,11D,Fondling,995,https://cde.ucr.cjis.gov/LATEST/webapp/#/pages/explorer/crime/crime-trend,"FBI Crime Data Explorer, NIBRS Group A sex offenses (11A-11D), state summarized monthly rates summed to annual",2026-10-02
ME,11A,Rape,393,https://cde.ucr.cjis.gov/LATEST/webapp/#/pages/explorer/crime/crime-trend,"FBI Crime Data Explorer, NIBRS Group A sex offenses (11A-11D), state summarized monthly rates summed to annual",2026-10-02
ME,11B,Sodomy,34,https://cde.ucr.cjis.gov/LATEST/webapp/#/pages/explorer/crime/crime-trend,"FBI Crime Data Explorer, NIBRS Group A sex offenses (11A-11D), state summarized monthly rates summed to annual",2026-10-02
ME,11C,Sexual Assault With An Object,9,https://cde.ucr.cjis.gov/LATEST/webapp/#/pages/explorer/crime/crime-trend,"FBI Crime Data Explorer, NIBRS Group A sex offenses (11A-11D), state summarized monthly rates summed to annual",2026-10-02
ME,11D,Fondling,437,https://cde.ucr.cjis.gov/LATEST/webapp/#/pages/explorer/crime/crime-trend,"FBI Crime Data Explorer, NIBRS Group A sex offenses (11A-11D), state summarized monthly rates summed to annual",2026-10-02
MD,11A,Rape,1560,https://cde.ucr.cjis.gov/LATEST/webapp/#/pages/explorer/crime/crime-trend,"FBI Crime Data Explorer, NIBRS Group A sex offenses (11A-11D), state summarized monthly rates summed to annual",2026-10-02
MD,11B,Sodomy,522,https://cde.ucr.cjis.gov/LATEST/webapp/#/pages/explorer/crime/crime-trend,"FBI Crime Data Explorer, NIBRS Group A sex offenses (11A-11D), state summarized monthly rates summed to annual",2026-10-02
MD,11C,Sexual Assault With An Object,188,https://cde.ucr.cjis.gov/LATEST/webapp/#/pages/explorer/crime/crime-trend,"FBI Crime Data Explorer, NIBRS Group A sex offenses (11A-11D), state summarized monthly rates summed to annual",2026-10-02
MD,11D,Fondling,1881,https://cde.ucr.cjis.gov/LATEST/webapp/#/pages/explorer/crime/crime-trend,"FBI Crime Data Explorer, NIBRS Group A sex offenses (11A-11D), state summarized monthly rates summed to annual",2026-10-02
MA,11A,Rape,1590,https://cde.ucr.cjis.gov/LATEST/webapp/#/pages/explorer/crime/crime-trend,"FBI Crime Data Explorer, NIBRS Group A sex offenses (11A-11D), state summarized monthly rates summed to annual",2026-10-02
MA,11B,Sodomy,338,https://cde.ucr.cjis.gov/LATEST/webapp/#/pages/explorer/crime/crime-trend,"FBI Crime Data Explorer, NIBRS Group A sex offenses (11A-11D), state summarized monthly rates summed to annual",2026-10-02
MA,11C,Sexual Assault With An Object,57,https://cde.ucr.cjis.gov/LATEST/webapp/#/pages/explorer/crime/crime-trend,"FBI Crime Data Explorer, NIBRS Group A sex offenses (11A-11D), state summarized monthly rates summed to annual",2026-10-02
MA,11D,Fondling,1478,https://cde.ucr.cjis.gov/LATEST/webapp/#/pages/explorer/crime/crime-trend,"FBI Crime Data Explorer, NIBRS Group A sex offenses (11A-11D), state summarized monthly rates summed to annual",2026-10-02
MI,11A,Rape,4011,https://cde.ucr.cjis.gov/LATEST/webapp/#/pages/explorer/crime/crime-trend,"FBI Crime Data Explorer, NIBRS Group A sex offenses (11A-11D), state summarized monthly rates summed to annual",2026-10-02
MI,11B,Sodomy,1578,https://cde.ucr.cjis.gov/LATEST/webapp/#/pages/explorer/crime/crime-trend,"FBI Crime Data Explorer, NIBRS Group A sex offenses (11A-11D), state summarized monthly rates summed to annual",2026-10-02
MI,11C,Sexual Assault With An Object,477,https://cde.ucr.cjis.gov/LATEST/webapp/#/pages/explorer/crime/crime-trend,"FBI Crime Data Explorer, NIBRS Group A sex offenses (11A-11D), state summarized monthly rates summed to annual",2026-10-02
MI,11D,Fondling,5203,https://cde.ucr.cjis.gov/LATEST/webapp/#/pages/explorer/crime/crime-trend,"FBI Crime Data Explorer, NIBRS Group A sex offenses (11A-11D), state summarized monthly rates summed to annual",2026-10-02
MN,11A,Rape,1801,https://cde.ucr.cjis.gov/LATEST/webapp/#/pages/explorer/crime/crime-trend,"FBI Crime Data Explorer, NIBRS Group A sex offenses (11A-11D), state summarized monthly rates summed to annual",2026-10-02
MN,11B,Sodomy,264,https://cde.ucr.cjis.gov/LATEST/webapp/#/pages/explorer/crime/crime-trend,"FBI Crime Data Explorer, NIBRS Group A sex offenses (11A-11D), state summarized monthly rates summed to annual",2026-10-02
MN,11C,Sexual Assault With An Object,114,https://cde.ucr.cjis.gov/LATEST/webapp/#/pages/explorer/crime/crime-trend,"FBI Crime Data Explorer, NIBRS Group A sex offenses (11A-11D), state summarized monthly rates summed to annual",2026-10-02
MN,11D,Fondling,2606,https://cde.ucr.cjis.gov/LATEST/webapp/#/pages/explorer/crime/crime-trend,"FBI Crime Data Explorer, NIBRS Group A sex offenses (11A-11D), state summarized monthly rates summed to annual",2026-10-02
MS,11A,Rape,522,https://cde.ucr.cjis.gov/LATEST/webapp/#/pages/explorer/crime/crime-trend,"FBI Crime Data Explorer, NIBRS Group A sex offenses (11A-11D), state summarized monthly rates summed to annual",2026-10-02
MS,11B,Sodomy,73,https://cde.ucr.cjis.gov/LATEST/webapp/#/pages/explorer/crime/crime-trend,"FBI Crime Data Explorer, NIBRS Group A sex offenses (11A-11D), state summarized monthly rates summed to annual",2026-10-02
MS,11C,Sexual Assault With An Object,36,https://cde.ucr.cjis.gov/LATEST/webapp/#/pages/explorer/crime/crime-trend,"FBI Crime Data Explorer, NIBRS Group A sex offenses (11A-11D), state summarized monthly rates summed to annual",2026-10-02
MS,11D,Fondling,300,https://cde.ucr.cjis.gov/LATEST/webapp/#/pages/explorer/crime/crime-trend,"FBI Crime Data Explorer, NIBRS Group A sex offenses (11A-11D), state summarized monthly rates summed to annual",2026-10-02
MO,11A,Rape,1734,https://cde.ucr.cjis.gov/LATEST/webapp/#/pages/explorer/crime/crime-trend,"FBI Crime Data Explorer, NIBRS Group A sex offenses (11A-11D), state summarized monthly rates summed to annual",2026-10-02
MO,11B,Sodomy,1397,https://cde.ucr.cjis.gov/LATEST/webapp/#/pages/explorer/crime/crime-trend,"FBI Crime Data Explorer, NIBRS Group A sex offenses (11A-11D), state summarized monthly rates summed to annual",2026-10-02
MO,11C,Sexual Assault With An Object,188,https://cde.ucr.cjis.gov/LATEST/webapp/#/pages/explorer/crime/crime-trend,"FBI Crime Data Explorer, NIBRS Group A sex offenses (11A-11D), state summarized monthly rates summed to annual",2026-10-02
MO,11D,Fondling,1436,https://cde.ucr.cjis.gov/LATEST/webapp/#/pages/explorer/crime/crime-trend,"FBI Crime Data Explorer, NIBRS Group A sex offenses (11A-11D), state summarized monthly rates summed to annual",2026-10-02
MT,11A,Rape,614,https://cde.ucr.cjis.gov/LATEST/webapp/#/pages/explorer/crime/crime-trend,"FBI Crime Data Explorer, NIBRS Group A sex offenses (11A-11D), state summarized monthly rates summed to annual",2026-10-02
MT,11B,Sodomy,44,https://cde.ucr.cjis.gov/LATEST/webapp/#/pages/explorer/crime/crime-trend,"FBI Crime Data Explorer, NIBRS Group A sex offenses (11A-11D), state summarized monthly rates summed to annual",2026-10-02
MT,11C,Sexual Assault With An Object,17,https://cde.ucr.cjis.gov/LATEST/webapp/#/pages/explorer/crime/crime-trend,"FBI Crime Data Explorer, NIBRS Group A sex offenses (11A-11D), state summarized monthly rates summed to annual",2026-10-02
MT,11D,Fondling,1036,https://cde.ucr.cjis.gov/LATEST/webapp/#/pages/explorer/crime/crime-trend,"FBI Crime Data Explorer, NIBRS Group A sex offenses (11A-11D), state summarized monthly rates summed to annual",2026-10-02
NE,11A,Rape,668,https://cde.ucr.cjis.gov/LATEST/webapp/#/pages/explorer/crime/crime-trend,"FBI Crime Data Explorer, NIBRS Group A sex offenses (11A-11D), state summarized monthly rates summed to annual",2026-10-02
NE,11B,Sodomy,128,https://cde.ucr.cjis.gov/LATEST/webapp/#/pages/explorer/crime/crime-trend,"FBI Crime Data Explorer, NIBRS Group A sex offenses (11A-11D), state summarized monthly rates summed to annual",2026-10-02
NE,11C,Sexual Assault With An Object,106,https://cde.ucr.cjis.gov/LATEST/webapp/#/pages/explorer/crime/crime-trend,"FBI Crime Data Explorer, NIBRS Group A sex offenses (11A-11D), state summarized monthly rates summed to annual",2026-10-02
NE,11D,Fondling,698,https://cde.ucr.cjis.gov/LATEST/webapp/#/pages/explorer/crime/crime-trend,"FBI Crime Data Explorer, NIBRS Group A sex offenses (11A-11D), state summarized monthly rates summed to annual",2026-10-02
NV,11A,Rape,1425,https://cde.ucr.cjis.gov/LATEST/webapp/#/pages/explorer/crime/crime-trend,"FBI Crime Data Explorer, NIBRS Group A sex offenses (11A-11D), state summarized monthly rates summed to annual",2026-10-02
NV,11B,Sodomy,226,https://cde.ucr.cjis.gov/LATEST/webapp/#/pages/explorer/crime/crime-trend,"FBI Crime Data Explorer, NIBRS Group A sex offenses (11A-11D), state summarized monthly rates summed to annual",2026-10-02
NV,11C,Sexual Assault With An Object,68,https://cde.ucr.cjis.gov/LATEST/webapp/#/pages/explorer/crime/crime-trend,"FBI Crime Data Explorer, NIBRS Group A sex offenses (11A-11D), state summarized monthly rates summed to annual",2026-10-02
NV,11D,Fondling,1631,https://cde.ucr.cjis.gov/LATEST/webapp/#/pages/explorer/crime/crime-trend,"FBI Crime Data Explorer, NIBRS Group A sex offenses (11A-11D), state summarized monthly rates summed to annual",2026-10-02
NH,11A,Rape,455,https://cde.ucr.cjis.gov/LATEST/webapp/#/pages/explorer/crime/crime-trend,"FBI Crime Data Explorer, NIBRS Group A sex offenses (11A-11D), state summarized monthly rates summed to annual",2026-10-02
NH,11B,Sodomy,50,https://cde.ucr.cjis.gov/LATEST/webapp/#/pages/explorer/crime/crime-trend,"FBI Crime Data Explorer, NIBRS Group A sex offenses (11A-11D), state summarized monthly rates summed to annual",2026-10-02
NH,11C,Sexual Assault With An Object,33,https://cde.ucr.cjis.gov/LATEST/webapp/#/pages/explorer/crime/crime-trend,"FBI Crime Data Explorer, NIBRS Group A sex offenses (11A-11D), state summarized monthly rates summed to annual",2026-10-02
NH,11D,Fondling,956,https://cde.ucr.cjis.gov/LATEST/webapp/#/pages/explorer/crime/crime-trend,"FBI Crime Data Explorer, NIBRS Group A sex offenses (11A-11D), state summarized monthly rates summed to annual",2026-10-02
NJ,11A,Rape,1012,https://cde.ucr.cjis.gov/LATEST/webapp/#/pages/explorer/crime/crime-trend,"FBI Crime Data Explorer, NIBRS Group A sex offenses (11A-11D), state summarized monthly rates summed to annual",2026-10-02
NJ,11B,Sodomy,137,https://cde.ucr.cjis.gov/LATEST/webapp/#/pages/explorer/crime/crime-trend,"FBI Crime Data Explorer, NIBRS Group A sex offenses (11A-11D), state summarized monthly rates summed to annual",2026-10-02
NJ,11C,Sexual Assault With An Object,69,https://cde.ucr.cjis.gov/LATEST/webapp/#/pages/explorer/crime/crime-trend,"FBI Crime Data Explorer, NIBRS Group A sex offenses (11A-11D), state summarized monthly rates summed to annual",2026-10-02
NJ,11D,Fondling,1620,https://cde.ucr.cjis.gov/LATEST/webapp/#/pages/explorer/crime/crime-trend,"FBI Crime Data Explorer, NIBRS Group A sex offenses (11A-11D), state summarized monthly rates summed to annual",2026-10-02
NM,11A,Rape,868,https://cde.ucr.cjis.gov/LATEST/webapp/#/pages/explorer/crime/crime-trend,"FBI Crime Data Explorer, NIBRS Group A sex offenses (11A-11D), state summarized monthly rates summed to annual",2026-10-02
NM,11B,Sodomy,140,https://cde.ucr.cjis.gov/LATEST/webapp/#/pages/explorer/crime/crime-trend,"FBI Crime Data Explorer, NIBRS Group A sex offenses (11A-11D), state summarized monthly rates summed to annual",2026-10-02
NM,11C,Sexual Assault With An Object,91,https://cde.ucr.cjis.gov/LATEST/webapp/#/pages/explorer/crime/crime-trend,"FBI Crime Data Explorer, NIBRS Group A sex offenses (11A-11D), state summarized monthly rates summed to annual",2026-10-02
NM,11D,Fondling,851,https://cde.ucr.cjis.gov/LATEST/webapp/#/pages/explorer/crime/crime-trend,"FBI Crime Data Explorer, NIBRS Group A sex offenses (11A-11D), state summarized monthly rates summed to annual",2026-10-02
NY,11A,Rape,2048,https://cde.ucr.cjis.gov/LATEST/webapp/#/pages/explorer/crime/crime-trend,"FBI Crime Data Explorer, NIBRS Group A sex offenses (11A-11D), state summarized monthly rates summed to annual",2026-10-02
NY,11B,Sodomy,1584,https://cde.ucr.cjis.gov/LATEST/webapp/#/pages/explorer/crime/crime-trend,"FBI Crime Data Explorer, NIBRS Group A sex offenses (11A-11D), state summarized monthly rates summed to annual",2026-10-02
NY,11C,Sexual Assault With An Object,132,https://cde.ucr.cjis.gov/LATEST/webapp/#/pages/explorer/crime/crime-trend,"FBI Crime Data Explorer, NIBRS Group A sex offenses (11A-11D), state summarized monthly rates summed to annual",2026-10-02
NY,11D,Fondling,5674,https://cde.ucr.cjis.gov/LATEST/webapp/#/pages/explorer/crime/crime-trend,"FBI Crime Data Explorer, NIBRS Group A sex offenses (11A-11D), state summarized monthly rates summed to annual",2026-10-02
NC,11A,Rape,2370,https://cde.ucr.cjis.gov/LATEST/webapp/#/pages/explorer/crime/crime-trend,"FBI Crime Data Explorer, NIBRS Group A sex offenses (11A-11D), state summarized monthly rates summed to annual",2026-10-02
NC,11B,Sodomy,481,https://cde.ucr.cjis.gov/LATEST/webapp/#/pages/explorer/crime/crime-trend,"FBI Crime Data Explorer, NIBRS Group A sex offenses (11A-11D), state summarized monthly rates summed to annual",2026-10-02
NC,11C,Sexual Assault With An Object,299,https://cde.ucr.cjis.gov/LATEST/webapp/#/pages/explorer/crime/crime-trend,"FBI Crime Data Explorer, NIBRS Group A sex offenses (11A-11D), state summarized monthly rates summed to annual",2026-10-02
NC,11D,Fondling,3652,https://cde.ucr.cjis.gov/LATEST/webapp/#/pages/explorer/crime/crime-trend,"FBI Crime Data Explorer, NIBRS Group A sex offenses (11A-11D), state summarized monthly rates summed to annual",2026-10-02
ND,11A,Rape,371,https://cde.ucr.cjis.gov/LATEST/webapp/#/pages/explorer/crime/crime-trend,"FBI Crime Data Explorer, NIBRS Group A sex offenses (11A-11D), state summarized monthly rates summed to annual",2026-10-02
ND,11B,Sodomy,30,https://cde.ucr.cjis.gov/LATEST/webapp/#/pages/explorer/crime/crime-trend,"FBI Crime Data Explorer, NIBRS Group A sex offenses (11A-11D), state summarized monthly rates summed to annual",2026-10-02
ND,11C,Sexual Assault With An Object,13,https://cde.ucr.cjis.gov/LATEST/webapp/#/pages/explorer/crime/crime-trend,"FBI Crime Data Explorer, NIBRS Group A sex offenses (11A-11D), state summarized monthly rates summed to annual",2026-10-02
ND,11D,Fondling,712,https://cde.ucr.cjis.gov/LATEST/webapp/#/pages/explorer/crime/crime-trend,"FBI Crime Data Explorer, NIBRS Group A sex offenses (11A-11D), state summarized monthly rates summed to annual",2026-10-02
OH,11A,Rape,5367,https://cde.ucr.cjis.gov/LATEST/webapp/#/pages/explorer/crime/crime-trend,"FBI Crime Data Explorer, NIBRS Group A sex offenses (11A-11D), state summarized monthly rates summed to annual",2026-10-02
OH,11B,Sodomy,554,https://cde.ucr.cjis.gov/LATEST/webapp/#/pages/explorer/crime/crime-trend,"FBI Crime Data Explorer, NIBRS Group A sex offenses (11A-11D), state summarized monthly rates summed to annual",2026-10-02
OH,11C,Sexual Assault With An Object,2,https://cde.ucr.cjis.gov/LATEST/webapp/#/pages/explorer/crime/crime-trend,"FBI Crime Data Explorer, NIBRS Group A sex offenses (11A-11D), state summarized monthly rates summed to annual",2026-10-02
OH,11D,Fondling,4208,https://cde.ucr.cjis.gov/LATEST/webapp/#/pages/explorer/crime/crime-trend,"FBI Crime Data Explorer, NIBRS Group A sex offenses (11A-11D), state summarized monthly rates summed to annual",2026-10-02
OK,11A,Rape,1926,https://cde.ucr.cjis.gov/LATEST/webapp/#/pages/explorer/crime/crime-trend,"FBI Crime Data Explorer, NIBRS Group A sex offenses (11A-11D), state summarized monthly rates summed to annual",2026-10-02
OK,11B,Sodomy,510,https://cde.ucr.cjis.gov/LATEST/webapp/#/pages/explorer/crime/crime-trend,"FBI Crime Data Explorer, NIBRS Group A sex offenses (11A-11D), state summarized monthly rates summed to annual",2026-10-02
OK,11C,Sexual Assault With An Object,267,https://cde.ucr.cjis.gov/LATEST/webapp/#/pages/explorer/crime/crime-trend,"FBI Crime Data Explorer, NIBRS Group A sex offenses (11A-11D), state summarized monthly rates summed to annual",2026-10-02
OK,11D,Fondling,2351,https://cde.ucr.cjis.gov/LATEST/webapp/#/pages/explorer/crime/crime-trend,"FBI Crime Data Explorer, NIBRS Group A sex offenses (11A-11D), state summarized monthly rates summed to annual",2026-10-02
OR,11A,Rape,1419,https://cde.ucr.cjis.gov/LATEST/webapp/#/pages/explorer/crime/crime-trend,"FBI Crime Data Explorer, NIBRS Group A sex offenses (11A-11D), state summarized monthly rates summed to annual",2026-10-02
OR,11B,Sodomy,344,https://cde.ucr.cjis.gov/LATEST/webapp/#/pages/explorer/crime/crime-trend,"FBI Crime Data Explorer, NIBRS Group A sex offenses (11A-11D), state summarized monthly rates summed to annual",2026-10-02
OR,11C,Sexual Assault With An Object,223,https://cde.ucr.cjis.gov/LATEST/webapp/#/pages/explorer/crime/crime-trend,"FBI Crime Data Explorer, NIBRS Group A sex offenses (11A-11D), state summarized monthly rates summed to annual",2026-10-02
OR,11D,Fondling,1756,https://cde.ucr.cjis.gov/LATEST/webapp/#/pages/explorer/crime/crime-trend,"FBI Crime Data Explorer, NIBRS Group A sex offenses (11A-11D), state summarized monthly rates summed to annual",2026-10-02
PA,11A,Rape,1929,https://cde.ucr.cjis.gov/LATEST/webapp/#/pages/explorer/crime/crime-trend,"FBI Crime Data Explorer, NIBRS Group A sex offenses (11A-11D), state summarized monthly rates summed to annual",2026-10-02
PA,11B,Sodomy,651,https://cde.ucr.cjis.gov/LATEST/webapp/#/pages/explorer/crime/crime-trend,"FBI Crime Data Explorer, NIBRS Group A sex offenses (11A-11D), state summarized monthly rates summed to annual",2026-10-02
PA,11C,Sexual Assault With An Object,167,https://cde.ucr.cjis.gov/LATEST/webapp/#/pages/explorer/crime/crime-trend,"FBI Crime Data Explorer, NIBRS Group A sex offenses (11A-11D), state summarized monthly rates summed to annual",2026-10-02
PA,11D,Fondling,2857,https://cde.ucr.cjis.gov/LATEST/webapp/#/pages/explorer/crime/crime-trend,"FBI Crime Data Explorer, NIBRS Group A sex offenses (11A-11D), state summarized monthly rates summed to annual",2026-10-02
RI,11A,Rape,331,https://cde.ucr.cjis.gov/LATEST/webapp/#/pages/explorer/crime/crime-trend,"FBI Crime Data Explorer, NIBRS Group A sex offenses (11A-11D), state summarized monthly rates summed to annual",2026-10-02
RI,11B,Sodomy,39,https://cde.ucr.cjis.gov/LATEST/webapp/#/pages/explorer/crime/crime-trend,"FBI Crime Data Explorer, NIBRS Group A sex offenses (11A-11D), state summarized monthly rates summed to annual",2026-10-02
RI,11C,Sexual Assault With An Object,40,https://cde.ucr.cjis.gov/LATEST/webapp/#/pages/explorer/crime/crime-trend,"FBI Crime Data Explorer, NIBRS Group A sex offenses (11A-11D), state summarized monthly rates summed to annual",2026-10-02
RI,11D,Fondling,267,https://cde.ucr.cjis.gov/LATEST/webapp/#/pages/explorer/crime/crime-trend,"FBI Crime Data Explorer, NIBRS Group A sex offenses (11A-11D), state summarized monthly rates summed to annual",2026-10-02
SC,11A,Rape,1619,https://cde.ucr.cjis.gov/LATEST/webapp/#/pages/explorer/crime/crime-trend,"FBI Crime Data Explorer, NIBRS Group A sex offenses (11A-11D), state summarized monthly rates summed to annual",2026-10-02
SC,11B,Sodomy,342,https://cde.ucr.cjis.gov/LATEST/webapp/#/pages/explorer/crime/crime-trend,"FBI Crime Data Explorer, NIBRS Group A sex offenses (11A-11D), state summarized monthly rates summed to annual",2026-10-02
SC,11C,Sexual Assault With An Object,177,https://cde.ucr.cjis.gov/LATEST/webapp/#/pages/explorer/crime/crime-trend,"FBI Crime Data Explorer, NIBRS Group A sex offenses (11A-11D), state summarized monthly rates summed to annual",2026-10-02
SC,11D,Fondling,1589,https://cde.ucr.cjis.gov/LATEST/webapp/#/pages/explorer/crime/crime-trend,"FBI Crime Data Explorer, NIBRS Group A sex offenses (11A-11D), state summarized monthly rates summed to annual",2026-10-02
SD,11A,Rape,401,https://cde.ucr.cjis.gov/LATEST/webapp/#/pages/explorer/crime/crime-trend,"FBI Crime Data Explorer, NIBRS Group A sex offenses (11A-11D), state summarized monthly rates summed to annual",2026-10-02
SD,11B,Sodomy,27,https://cde.ucr.cjis.gov/LATEST/webapp/#/pages/explorer/crime/crime-trend,"FBI Crime Data Explorer, NIBRS Group A sex offenses (11A-11D), state summarized monthly rates summed to annual",2026-10-02
SD,11C,Sexual Assault With An Object,5,https://cde.ucr.cjis.gov/LATEST/webapp/#/pages/explorer/crime/crime-trend,"FBI Crime Data Explorer, NIBRS Group A sex offenses (11A-11D), state summarized monthly rates summed to annual",2026-10-02
SD,11D,Fondling,410,https://cde.ucr.cjis.gov/LATEST/webapp/#/pages/explorer/crime/crime-trend,"FBI Crime Data Explorer, NIBRS Group A sex offenses (11A-11D), state summarized monthly rates summed to annual",2026-10-02
TN,11A,Rape,2313,https://cde.ucr.cjis.gov/LATEST/webapp/#/pages/explorer/crime/crime-trend,"FBI Crime Data Explorer, NIBRS Group A sex offenses (11A-11D), state summarized monthly rates summed to annual",2026-10-02
TN,11B,Sodomy,512,https://cde.ucr.cjis.gov/LATEST/webapp/#/pages/explorer/crime/crime-trend,"FBI Crime Data Explorer, NIBRS Group A sex offenses (11A-11D), state summarized monthly rates summed to annual",2026-10-02
TN,11C,Sexual Assault With An Object,217,https://cde.ucr.cjis.gov/LATEST/webapp/#/pages/explorer/crime/crime-trend,"FBI Crime Data Explorer, NIBRS Group A sex offenses (11A-11D), state summarized monthly rates summed to annual",2026-10-02
TN,11D,Fondling,2693,https://cde.ucr.cjis.gov/LATEST/webapp/#/pages/explorer/crime/crime-trend,"FBI Crime Data Explorer, NIBRS Group A sex offenses (11A-11D), state summarized monthly rates summed to annual",2026-10-02
TX,11A,Rape,11954,https://cde.ucr.cjis.gov/LATEST/webapp/#/pages/explorer/crime/crime-trend,"FBI Crime Data Explorer, NIBRS Group A sex offenses (11A-11D), state summarized monthly rates summed to annual",2026-10-02
TX,11B,Sodomy,3008,https://cde.ucr.cjis.gov/LATEST/webapp/#/pages/explorer/crime/crime-trend,"FBI Crime Data Explorer, NIBRS Group A sex offenses (11A-11D), state summarized monthly rates summed to annual",2026-10-02
TX,11C,Sexual Assault With An Object,1501,https://cde.ucr.cjis.gov/LATEST/webapp/#/pages/explorer/crime/crime-trend,"FBI Crime Data Explorer, NIBRS Group A sex offenses (11A-11D), state summarized monthly rates summed to annual",2026-10-02
TX,11D,Fondling,7934,https://cde.ucr.cjis.gov/LATEST/webapp/#/pages/explorer/crime/crime-trend,"FBI Crime Data Explorer, NIBRS Group A sex offenses (11A-11D), state summarized monthly rates summed to annual",2026-10-02
UT,11A,Rape,1588,https://cde.ucr.cjis.gov/LATEST/webapp/#/pages/explorer/crime/crime-trend,"FBI Crime Data Explorer, NIBRS Group A sex offenses (11A-11D), state summarized monthly rates summed to annual",2026-10-02
UT,11B,Sodomy,329,https://cde.ucr.cjis.gov/LATEST/webapp/#/pages/explorer/crime/crime-trend,"FBI Crime Data Explorer, NIBRS Group A sex offenses (11A-11D), state summarized monthly rates summed to annual",2026-10-02
UT,11C,Sexual Assault With An Object,97,https://cde.ucr.cjis.gov/LATEST/webapp/#/pages/explorer/crime/crime-trend,"FBI Crime Data Explorer, NIBRS Group A sex offenses (11A-11D), state summarized monthly rates summed to annual",2026-10-02
UT,11D,Fondling,3377,https://cde.ucr.cjis.gov/LATEST/webapp/#/pages/explorer/crime/crime-trend,"FBI Crime Data Explorer, NIBRS Group A sex offenses (11A-11D), state summarized monthly rates summed to annual",2026-10-02
VT,11A,Rape,216,https://cde.ucr.cjis.gov/LATEST/webapp/#/pages/explorer/crime/crime-trend,"FBI Crime Data Explorer, NIBRS Group A sex offenses (11A-11D), state summarized monthly rates summed to annual",2026-10-02
VT,11B,Sodomy,11,https://cde.ucr.cjis.gov/LATEST/webapp/#/pages/explorer/crime/crime-trend,"FBI Crime Data Explorer, NIBRS Group A sex offenses (11A-11D), state summarized monthly rates summed to annual",2026-10-02
VT,11C,Sexual Assault With An Object,2,https://cde.ucr.cjis.gov/LATEST/webapp/#/pages/explorer/crime/crime-trend,"FBI Crime Data Explorer, NIBRS Group A sex offenses (11A-11D), state summarized monthly rates summed to annual",2026-10-02
VT,11D,Fondling,67,https://cde.ucr.cjis.gov/LATEST/webapp/#/pages/explorer/crime/crime-trend,"FBI Crime Data Explorer, NIBRS Group A sex offenses (11A-11D), state summarized monthly rates summed to annual",2026-10-02
VA,11A,Rape,1875,https://cde.ucr.cjis.gov/LATEST/webapp/#/pages/explorer/crime/crime-trend,"FBI Crime Data Explorer, NIBRS Group A sex offenses (11A-11D), state summarized monthly rates summed to annual",2026-10-02
VA,11B,Sodomy,647,https://cde.ucr.cjis.gov/LATEST/webapp/#/pages/explorer/crime/crime-trend,"FBI Crime Data Explorer, NIBRS Group A sex offenses (11A-11D), state summarized monthly rates summed to annual",2026-10-02
VA,11C,Sexual Assault With An Object,410,https://cde.ucr.cjis.gov/LATEST/webapp/#/pages/explorer/crime/crime-trend,"FBI Crime Data Explorer, NIBRS Group A sex offenses (11A-11D), state summarized monthly rates summed to annual",2026-10-02
VA,11D,Fondling,3235,https://cde.ucr.cjis.gov/LATEST/webapp/#/pages/explorer/crime/crime-trend,"FBI Crime Data Explorer, NIBRS Group A sex offenses (11A-11D), state summarized monthly rates summed to annual",2026-10-02
WA,11A,Rape,2723,https://cde.ucr.cjis.gov/LATEST/webapp/#/pages/explorer/crime/crime-trend,"FBI Crime Data Explorer, NIBRS Group A sex offenses (11A-11D), state summarized monthly rates summed to annual",2026-10-02
WA,11B,Sodomy,374,https://cde.ucr.cjis.gov/LATEST/webapp/#/pages/explorer/crime/crime-trend,"FBI Crime Data Explorer, NIBRS Group A sex offenses (11A-11D), state summarized monthly rates summed to annual",2026-10-02
WA,11C,Sexual Assault With An Object,127,https://cde.ucr.cjis.gov/LATEST/webapp/#/pages/explorer/crime/crime-trend,"FBI Crime Data Explorer, NIBRS Group A sex offenses (11A-11D), state summarized monthly rates summed to annual",2026-10-02
WA,11D,Fondling,2597,https://cde.ucr.cjis.gov/LATEST/webapp/#/pages/explorer/crime/crime-trend,"FBI Crime Data Explorer, NIBRS Group A sex offenses (11A-11D), state summarized monthly rates summed to annual",2026-10-02
WV,11A,Rape,745,https://cde.ucr.cjis.gov/LATEST/webapp/#/pages/explorer/crime/crime-trend,"FBI Crime Data Explorer, NIBRS Group A sex offenses (11A-11D), state summarized monthly rates summed to annual",2026-10-02
WV,11B,Sodomy,76,https://cde.ucr.cjis.gov/LATEST/webapp/#/pages/explorer/crime/crime-trend,"FBI Crime Data Explorer, NIBRS Group A sex offenses (11A-11D), state summarized monthly rates summed to annual",2026-10-02
WV,11C,Sexual Assault With An Object,42,https://cde.ucr.cjis.gov/LATEST/webapp/#/pages/explorer/crime/crime-trend,"FBI Crime Data Explorer, NIBRS Group A sex offenses (11A-11D), state summarized monthly rates summed to annual",2026-10-02
WV,11D,Fondling,461,https://cde.ucr.cjis.gov/LATEST/webapp/#/pages/explorer/crime/crime-trend,"FBI Crime Data Explorer, NIBRS Group A sex offenses (11A-11D), state summarized monthly rates summed to annual",2026-10-02
WI,11A,Rape,1807,https://cde.ucr.cjis.gov/LATEST/webapp/#/pages/explorer/crime/crime-trend,"FBI Crime Data Explorer, NIBRS Group A sex offenses (11A-11D), state summarized monthly rates summed to annual",2026-10-02
WI,11B,Sodomy,384,https://cde.ucr.cjis.gov/LATEST/webapp/#/pages/explorer/crime/crime-trend,"FBI Crime Data Explorer, NIBRS Group A sex offenses (11A-11D), state summarized monthly rates summed to annual",2026-10-02
WI,11C,Sexual Assault With An Object,175,https://cde.ucr.cjis.gov/LATEST/webapp/#/pages/explorer/crime/crime-trend,"FBI Crime Data Explorer, NIBRS Group A sex offenses (11A-11D), state summarized monthly rates summed to annual",2026-10-02
WI,11D,Fondling,2162,https://cde.ucr.cjis.gov/LATEST/webapp/#/pages/explorer/crime/crime-trend,"FBI Crime Data Explorer, NIBRS Group A sex offenses (11A-11D), state summarized monthly rates summed to annual",2026-10-02
WY,11A,Rape,257,https://cde.ucr.cjis.gov/LATEST/webapp/#/pages/explorer/crime/crime-trend,"FBI Crime Data Explorer, NIBRS Group A sex offenses (11A-11D), state summarized monthly rates summed to annual",2026-10-02
WY,11B,Sodomy,35,https://cde.ucr.cjis.gov/LATEST/webapp/#/pages/explorer/crime/crime-trend,"FBI Crime Data Explorer, NIBRS Group A sex offenses (11A-11D), state summarized monthly rates summed to annual",2026-10-02
WY,11C,Sexual Assault With An Object,17,https://cde.ucr.cjis.gov/LATEST/webapp/#/pages/explorer/crime/crime-trend,"FBI Crime Data Explorer, NIBRS Group A sex offenses (11A-11D), state summarized monthly rates summed to annual",2026-10-02
WY,11D,Fondling,259,https://cde.ucr.cjis.gov/LATEST/webapp/#/pages/explorer/crime/crime-trend,"FBI Crime Data Explorer, NIBRS Group A sex offenses (11A-11D), state summarized monthly rates summed to annual",2026-10-02
