state_abbr,ethnicity,victim_count_2023,source_url,source_name,pulled_date
AL,Unknown,247,https://cde.ucr.cjis.gov/LATEST/webapp/#/pages/explorer/crime/crime-trend,"FBI Crime Data Explorer, NIBRS offense 11A (Rape), state victim demographics, 2023",2026-10-02
AL,Hispanic or Latino,72,https://cde.ucr.cjis.gov/LATEST/webapp/#/pages/explorer/crime/crime-trend,"FBI Crime Data Explorer, NIBRS offense 11A (Rape), state victim demographics, 2023",2026-10-02
AL,Not Hispanic or Latino,810,https://cde.ucr.cjis.gov/LATEST/webapp/#/pages/explorer/crime/crime-trend,"FBI Crime Data Explorer, NIBRS offense 11A (Rape), state victim demographics, 2023",2026-10-02
AK,Unknown,235,https://cde.ucr.cjis.gov/LATEST/webapp/#/pages/explorer/crime/crime-trend,"FBI Crime Data Explorer, NIBRS offense 11A (Rape), state victim demographics, 2023",2026-10-02
AK,Hispanic or Latino,1,https://cde.ucr.cjis.gov/LATEST/webapp/#/pages/explorer/crime/crime-trend,"FBI Crime Data Explorer, NIBRS offense 11A (Rape), state victim demographics, 2023",2026-10-02
AK,Not Hispanic or Latino,97,https://cde.ucr.cjis.gov/LATEST/webapp/#/pages/explorer/crime/crime-trend,"FBI Crime Data Explorer, NIBRS offense 11A (Rape), state victim demographics, 2023",2026-10-02
AZ,Unknown,250,https://cde.ucr.cjis.gov/LATEST/webapp/#/pages/explorer/crime/crime-trend,"FBI Crime Data Explorer, NIBRS offense 11A (Rape), state victim demographics, 2023",2026-10-02
AZ,Hispanic or Latino,268,https://cde.ucr.cjis.gov/LATEST/webapp/#/pages/explorer/crime/crime-trend,"FBI Crime Data Explorer, NIBRS offense 11A (Rape), state victim demographics, 2023",2026-10-02
AZ,Not Hispanic or Latino,863,https://cde.ucr.cjis.gov/LATEST/webapp/#/pages/explorer/crime/crime-trend,"FBI Crime Data Explorer, NIBRS offense 11A (Rape), state victim demographics, 2023",2026-10-02
AR,Unknown,339,https://cde.ucr.cjis.gov/LATEST/webapp/#/pages/explorer/crime/crime-trend,"FBI Crime Data Explorer, NIBRS offense 11A (Rape), state victim demographics, 2023",2026-10-02
AR,Hispanic or Latino,141,https://cde.ucr.cjis.gov/LATEST/webapp/#/pages/explorer/crime/crime-trend,"FBI Crime Data Explorer, NIBRS offense 11A (Rape), state victim demographics, 2023",2026-10-02
AR,Not Hispanic or Latino,1117,https://cde.ucr.cjis.gov/LATEST/webapp/#/pages/explorer/crime/crime-trend,"FBI Crime Data Explorer, NIBRS offense 11A (Rape), state victim demographics, 2023",2026-10-02
CA,Unknown,1262,https://cde.ucr.cjis.gov/LATEST/webapp/#/pages/explorer/crime/crime-trend,"FBI Crime Data Explorer, NIBRS offense 11A (Rape), state victim demographics, 2023",2026-10-02
CA,Hispanic or Latino,2373,https://cde.ucr.cjis.gov/LATEST/webapp/#/pages/explorer/crime/crime-trend,"FBI Crime Data Explorer, NIBRS offense 11A (Rape), state victim demographics, 2023",2026-10-02
CA,Not Hispanic or Latino,3021,https://cde.ucr.cjis.gov/LATEST/webapp/#/pages/explorer/crime/crime-trend,"FBI Crime Data Explorer, NIBRS offense 11A (Rape), state victim demographics, 2023",2026-10-02
CO,Unknown,426,https://cde.ucr.cjis.gov/LATEST/webapp/#/pages/explorer/crime/crime-trend,"FBI Crime Data Explorer, NIBRS offense 11A (Rape), state victim demographics, 2023",2026-10-02
CO,Hispanic or Latino,617,https://cde.ucr.cjis.gov/LATEST/webapp/#/pages/explorer/crime/crime-trend,"FBI Crime Data Explorer, NIBRS offense 11A (Rape), state victim demographics, 2023",2026-10-02
CO,Not Hispanic or Latino,1554,https://cde.ucr.cjis.gov/LATEST/webapp/#/pages/explorer/crime/crime-trend,"FBI Crime Data Explorer, NIBRS offense 11A (Rape), state victim demographics, 2023",2026-10-02
CT,Unknown,44,https://cde.ucr.cjis.gov/LATEST/webapp/#/pages/explorer/crime/crime-trend,"FBI Crime Data Explorer, NIBRS offense 11A (Rape), state victim demographics, 2023",2026-10-02
CT,Hispanic or Latino,192,https://cde.ucr.cjis.gov/LATEST/webapp/#/pages/explorer/crime/crime-trend,"FBI Crime Data Explorer, NIBRS offense 11A (Rape), state victim demographics, 2023",2026-10-02
CT,Not Hispanic or Latino,403,https://cde.ucr.cjis.gov/LATEST/webapp/#/pages/explorer/crime/crime-trend,"FBI Crime Data Explorer, NIBRS offense 11A (Rape), state victim demographics, 2023",2026-10-02
DE,Unknown,6,https://cde.ucr.cjis.gov/LATEST/webapp/#/pages/explorer/crime/crime-trend,"FBI Crime Data Explorer, NIBRS offense 11A (Rape), state victim demographics, 2023",2026-10-02
DE,Hispanic or Latino,32,https://cde.ucr.cjis.gov/LATEST/webapp/#/pages/explorer/crime/crime-trend,"FBI Crime Data Explorer, NIBRS offense 11A (Rape), state victim demographics, 2023",2026-10-02
DE,Not Hispanic or Latino,134,https://cde.ucr.cjis.gov/LATEST/webapp/#/pages/explorer/crime/crime-trend,"FBI Crime Data Explorer, NIBRS offense 11A (Rape), state victim demographics, 2023",2026-10-02
DC,Unknown,83,https://cde.ucr.cjis.gov/LATEST/webapp/#/pages/explorer/crime/crime-trend,"FBI Crime Data Explorer, NIBRS offense 11A (Rape), state victim demographics, 2023",2026-10-02
DC,Hispanic or Latino,20,https://cde.ucr.cjis.gov/LATEST/webapp/#/pages/explorer/crime/crime-trend,"FBI Crime Data Explorer, NIBRS offense 11A (Rape), state victim demographics, 2023",2026-10-02
DC,Not Hispanic or Latino,118,https://cde.ucr.cjis.gov/LATEST/webapp/#/pages/explorer/crime/crime-trend,"FBI Crime Data Explorer, NIBRS offense 11A (Rape), state victim demographics, 2023",2026-10-02
FL,Unknown,361,https://cde.ucr.cjis.gov/LATEST/webapp/#/pages/explorer/crime/crime-trend,"FBI Crime Data Explorer, NIBRS offense 11A (Rape), state victim demographics, 2023",2026-10-02
FL,Hispanic or Latino,735,https://cde.ucr.cjis.gov/LATEST/webapp/#/pages/explorer/crime/crime-trend,"FBI Crime Data Explorer, NIBRS offense 11A (Rape), state victim demographics, 2023",2026-10-02
FL,Not Hispanic or Latino,2336,https://cde.ucr.cjis.gov/LATEST/webapp/#/pages/explorer/crime/crime-trend,"FBI Crime Data Explorer, NIBRS offense 11A (Rape), state victim demographics, 2023",2026-10-02
GA,Unknown,352,https://cde.ucr.cjis.gov/LATEST/webapp/#/pages/explorer/crime/crime-trend,"FBI Crime Data Explorer, NIBRS offense 11A (Rape), state victim demographics, 2023",2026-10-02
GA,Hispanic or Latino,205,https://cde.ucr.cjis.gov/LATEST/webapp/#/pages/explorer/crime/crime-trend,"FBI Crime Data Explorer, NIBRS offense 11A (Rape), state victim demographics, 2023",2026-10-02
GA,Not Hispanic or Latino,1452,https://cde.ucr.cjis.gov/LATEST/webapp/#/pages/explorer/crime/crime-trend,"FBI Crime Data Explorer, NIBRS offense 11A (Rape), state victim demographics, 2023",2026-10-02
HI,Unknown,180,https://cde.ucr.cjis.gov/LATEST/webapp/#/pages/explorer/crime/crime-trend,"FBI Crime Data Explorer, NIBRS offense 11A (Rape), state victim demographics, 2023",2026-10-02
HI,Hispanic or Latino,25,https://cde.ucr.cjis.gov/LATEST/webapp/#/pages/explorer/crime/crime-trend,"FBI Crime Data Explorer, NIBRS offense 11A (Rape), state victim demographics, 2023",2026-10-02
HI,Not Hispanic or Latino,347,https://cde.ucr.cjis.gov/LATEST/webapp/#/pages/explorer/crime/crime-trend,"FBI Crime Data Explorer, NIBRS offense 11A (Rape), state victim demographics, 2023",2026-10-02
ID,Unknown,174,https://cde.ucr.cjis.gov/LATEST/webapp/#/pages/explorer/crime/crime-trend,"FBI Crime Data Explorer, NIBRS offense 11A (Rape), state victim demographics, 2023",2026-10-02
ID,Hispanic or Latino,56,https://cde.ucr.cjis.gov/LATEST/webapp/#/pages/explorer/crime/crime-trend,"FBI Crime Data Explorer, NIBRS offense 11A (Rape), state victim demographics, 2023",2026-10-02
ID,Not Hispanic or Latino,448,https://cde.ucr.cjis.gov/LATEST/webapp/#/pages/explorer/crime/crime-trend,"FBI Crime Data Explorer, NIBRS offense 11A (Rape), state victim demographics, 2023",2026-10-02
IL,Unknown,1305,https://cde.ucr.cjis.gov/LATEST/webapp/#/pages/explorer/crime/crime-trend,"FBI Crime Data Explorer, NIBRS offense 11A (Rape), state victim demographics, 2023",2026-10-02
IL,Hispanic or Latino,696,https://cde.ucr.cjis.gov/LATEST/webapp/#/pages/explorer/crime/crime-trend,"FBI Crime Data Explorer, NIBRS offense 11A (Rape), state victim demographics, 2023",2026-10-02
IL,Not Hispanic or Latino,2841,https://cde.ucr.cjis.gov/LATEST/webapp/#/pages/explorer/crime/crime-trend,"FBI Crime Data Explorer, NIBRS offense 11A (Rape), state victim demographics, 2023",2026-10-02
IN,Unknown,334,https://cde.ucr.cjis.gov/LATEST/webapp/#/pages/explorer/crime/crime-trend,"FBI Crime Data Explorer, NIBRS offense 11A (Rape), state victim demographics, 2023",2026-10-02
IN,Hispanic or Latino,146,https://cde.ucr.cjis.gov/LATEST/webapp/#/pages/explorer/crime/crime-trend,"FBI Crime Data Explorer, NIBRS offense 11A (Rape), state victim demographics, 2023",2026-10-02
IN,Not Hispanic or Latino,1216,https://cde.ucr.cjis.gov/LATEST/webapp/#/pages/explorer/crime/crime-trend,"FBI Crime Data Explorer, NIBRS offense 11A (Rape), state victim demographics, 2023",2026-10-02
IA,Unknown,216,https://cde.ucr.cjis.gov/LATEST/webapp/#/pages/explorer/crime/crime-trend,"FBI Crime Data Explorer, NIBRS offense 11A (Rape), state victim demographics, 2023",2026-10-02
IA,Hispanic or Latino,90,https://cde.ucr.cjis.gov/LATEST/webapp/#/pages/explorer/crime/crime-trend,"FBI Crime Data Explorer, NIBRS offense 11A (Rape), state victim demographics, 2023",2026-10-02
IA,Not Hispanic or Latino,733,https://cde.ucr.cjis.gov/LATEST/webapp/#/pages/explorer/crime/crime-trend,"FBI Crime Data Explorer, NIBRS offense 11A (Rape), state victim demographics, 2023",2026-10-02
KS,Unknown,63,https://cde.ucr.cjis.gov/LATEST/webapp/#/pages/explorer/crime/crime-trend,"FBI Crime Data Explorer, NIBRS offense 11A (Rape), state victim demographics, 2023",2026-10-02
KS,Hispanic or Latino,152,https://cde.ucr.cjis.gov/LATEST/webapp/#/pages/explorer/crime/crime-trend,"FBI Crime Data Explorer, NIBRS offense 11A (Rape), state victim demographics, 2023",2026-10-02
KS,Not Hispanic or Latino,873,https://cde.ucr.cjis.gov/LATEST/webapp/#/pages/explorer/crime/crime-trend,"FBI Crime Data Explorer, NIBRS offense 11A (Rape), state victim demographics, 2023",2026-10-02
KY,Unknown,65,https://cde.ucr.cjis.gov/LATEST/webapp/#/pages/explorer/crime/crime-trend,"FBI Crime Data Explorer, NIBRS offense 11A (Rape), state victim demographics, 2023",2026-10-02
KY,Hispanic or Latino,71,https://cde.ucr.cjis.gov/LATEST/webapp/#/pages/explorer/crime/crime-trend,"FBI Crime Data Explorer, NIBRS offense 11A (Rape), state victim demographics, 2023",2026-10-02
KY,Not Hispanic or Latino,1115,https://cde.ucr.cjis.gov/LATEST/webapp/#/pages/explorer/crime/crime-trend,"FBI Crime Data Explorer, NIBRS offense 11A (Rape), state victim demographics, 2023",2026-10-02
LA,Unknown,127,https://cde.ucr.cjis.gov/LATEST/webapp/#/pages/explorer/crime/crime-trend,"FBI Crime Data Explorer, NIBRS offense 11A (Rape), state victim demographics, 2023",2026-10-02
LA,Hispanic or Latino,76,https://cde.ucr.cjis.gov/LATEST/webapp/#/pages/explorer/crime/crime-trend,"FBI Crime Data Explorer, NIBRS offense 11A (Rape), state victim demographics, 2023",2026-10-02
LA,Not Hispanic or Latino,809,https://cde.ucr.cjis.gov/LATEST/webapp/#/pages/explorer/crime/crime-trend,"FBI Crime Data Explorer, NIBRS offense 11A (Rape), state victim demographics, 2023",2026-10-02
ME,Unknown,54,https://cde.ucr.cjis.gov/LATEST/webapp/#/pages/explorer/crime/crime-trend,"FBI Crime Data Explorer, NIBRS offense 11A (Rape), state victim demographics, 2023",2026-10-02
ME,Hispanic or Latino,4,https://cde.ucr.cjis.gov/LATEST/webapp/#/pages/explorer/crime/crime-trend,"FBI Crime Data Explorer, NIBRS offense 11A (Rape), state victim demographics, 2023",2026-10-02
ME,Not Hispanic or Latino,335,https://cde.ucr.cjis.gov/LATEST/webapp/#/pages/explorer/crime/crime-trend,"FBI Crime Data Explorer, NIBRS offense 11A (Rape), state victim demographics, 2023",2026-10-02
MD,Unknown,593,https://cde.ucr.cjis.gov/LATEST/webapp/#/pages/explorer/crime/crime-trend,"FBI Crime Data Explorer, NIBRS offense 11A (Rape), state victim demographics, 2023",2026-10-02
MD,Hispanic or Latino,259,https://cde.ucr.cjis.gov/LATEST/webapp/#/pages/explorer/crime/crime-trend,"FBI Crime Data Explorer, NIBRS offense 11A (Rape), state victim demographics, 2023",2026-10-02
MD,Not Hispanic or Latino,708,https://cde.ucr.cjis.gov/LATEST/webapp/#/pages/explorer/crime/crime-trend,"FBI Crime Data Explorer, NIBRS offense 11A (Rape), state victim demographics, 2023",2026-10-02
MA,Unknown,273,https://cde.ucr.cjis.gov/LATEST/webapp/#/pages/explorer/crime/crime-trend,"FBI Crime Data Explorer, NIBRS offense 11A (Rape), state victim demographics, 2023",2026-10-02
MA,Hispanic or Latino,253,https://cde.ucr.cjis.gov/LATEST/webapp/#/pages/explorer/crime/crime-trend,"FBI Crime Data Explorer, NIBRS offense 11A (Rape), state victim demographics, 2023",2026-10-02
MA,Not Hispanic or Latino,1064,https://cde.ucr.cjis.gov/LATEST/webapp/#/pages/explorer/crime/crime-trend,"FBI Crime Data Explorer, NIBRS offense 11A (Rape), state victim demographics, 2023",2026-10-02
MI,Unknown,3478,https://cde.ucr.cjis.gov/LATEST/webapp/#/pages/explorer/crime/crime-trend,"FBI Crime Data Explorer, NIBRS offense 11A (Rape), state victim demographics, 2023",2026-10-02
MI,Hispanic or Latino,59,https://cde.ucr.cjis.gov/LATEST/webapp/#/pages/explorer/crime/crime-trend,"FBI Crime Data Explorer, NIBRS offense 11A (Rape), state victim demographics, 2023",2026-10-02
MI,Not Hispanic or Latino,474,https://cde.ucr.cjis.gov/LATEST/webapp/#/pages/explorer/crime/crime-trend,"FBI Crime Data Explorer, NIBRS offense 11A (Rape), state victim demographics, 2023",2026-10-02
MN,Unknown,895,https://cde.ucr.cjis.gov/LATEST/webapp/#/pages/explorer/crime/crime-trend,"FBI Crime Data Explorer, NIBRS offense 11A (Rape), state victim demographics, 2023",2026-10-02
MN,Hispanic or Latino,147,https://cde.ucr.cjis.gov/LATEST/webapp/#/pages/explorer/crime/crime-trend,"FBI Crime Data Explorer, NIBRS offense 11A (Rape), state victim demographics, 2023",2026-10-02
MN,Not Hispanic or Latino,759,https://cde.ucr.cjis.gov/LATEST/webapp/#/pages/explorer/crime/crime-trend,"FBI Crime Data Explorer, NIBRS offense 11A (Rape), state victim demographics, 2023",2026-10-02
MS,Unknown,175,https://cde.ucr.cjis.gov/LATEST/webapp/#/pages/explorer/crime/crime-trend,"FBI Crime Data Explorer, NIBRS offense 11A (Rape), state victim demographics, 2023",2026-10-02
MS,Hispanic or Latino,12,https://cde.ucr.cjis.gov/LATEST/webapp/#/pages/explorer/crime/crime-trend,"FBI Crime Data Explorer, NIBRS offense 11A (Rape), state victim demographics, 2023",2026-10-02
MS,Not Hispanic or Latino,335,https://cde.ucr.cjis.gov/LATEST/webapp/#/pages/explorer/crime/crime-trend,"FBI Crime Data Explorer, NIBRS offense 11A (Rape), state victim demographics, 2023",2026-10-02
MO,Unknown,255,https://cde.ucr.cjis.gov/LATEST/webapp/#/pages/explorer/crime/crime-trend,"FBI Crime Data Explorer, NIBRS offense 11A (Rape), state victim demographics, 2023",2026-10-02
MO,Hispanic or Latino,95,https://cde.ucr.cjis.gov/LATEST/webapp/#/pages/explorer/crime/crime-trend,"FBI Crime Data Explorer, NIBRS offense 11A (Rape), state victim demographics, 2023",2026-10-02
MO,Not Hispanic or Latino,1384,https://cde.ucr.cjis.gov/LATEST/webapp/#/pages/explorer/crime/crime-trend,"FBI Crime Data Explorer, NIBRS offense 11A (Rape), state victim demographics, 2023",2026-10-02
MT,Unknown,70,https://cde.ucr.cjis.gov/LATEST/webapp/#/pages/explorer/crime/crime-trend,"FBI Crime Data Explorer, NIBRS offense 11A (Rape), state victim demographics, 2023",2026-10-02
MT,Hispanic or Latino,20,https://cde.ucr.cjis.gov/LATEST/webapp/#/pages/explorer/crime/crime-trend,"FBI Crime Data Explorer, NIBRS offense 11A (Rape), state victim demographics, 2023",2026-10-02
MT,Not Hispanic or Latino,524,https://cde.ucr.cjis.gov/LATEST/webapp/#/pages/explorer/crime/crime-trend,"FBI Crime Data Explorer, NIBRS offense 11A (Rape), state victim demographics, 2023",2026-10-02
NE,Unknown,71,https://cde.ucr.cjis.gov/LATEST/webapp/#/pages/explorer/crime/crime-trend,"FBI Crime Data Explorer, NIBRS offense 11A (Rape), state victim demographics, 2023",2026-10-02
NE,Hispanic or Latino,95,https://cde.ucr.cjis.gov/LATEST/webapp/#/pages/explorer/crime/crime-trend,"FBI Crime Data Explorer, NIBRS offense 11A (Rape), state victim demographics, 2023",2026-10-02
NE,Not Hispanic or Latino,502,https://cde.ucr.cjis.gov/LATEST/webapp/#/pages/explorer/crime/crime-trend,"FBI Crime Data Explorer, NIBRS offense 11A (Rape), state victim demographics, 2023",2026-10-02
NV,Unknown,221,https://cde.ucr.cjis.gov/LATEST/webapp/#/pages/explorer/crime/crime-trend,"FBI Crime Data Explorer, NIBRS offense 11A (Rape), state victim demographics, 2023",2026-10-02
NV,Hispanic or Latino,325,https://cde.ucr.cjis.gov/LATEST/webapp/#/pages/explorer/crime/crime-trend,"FBI Crime Data Explorer, NIBRS offense 11A (Rape), state victim demographics, 2023",2026-10-02
NV,Not Hispanic or Latino,879,https://cde.ucr.cjis.gov/LATEST/webapp/#/pages/explorer/crime/crime-trend,"FBI Crime Data Explorer, NIBRS offense 11A (Rape), state victim demographics, 2023",2026-10-02
NH,Unknown,36,https://cde.ucr.cjis.gov/LATEST/webapp/#/pages/explorer/crime/crime-trend,"FBI Crime Data Explorer, NIBRS offense 11A (Rape), state victim demographics, 2023",2026-10-02
NH,Hispanic or Latino,21,https://cde.ucr.cjis.gov/LATEST/webapp/#/pages/explorer/crime/crime-trend,"FBI Crime Data Explorer, NIBRS offense 11A (Rape), state victim demographics, 2023",2026-10-02
NH,Not Hispanic or Latino,398,https://cde.ucr.cjis.gov/LATEST/webapp/#/pages/explorer/crime/crime-trend,"FBI Crime Data Explorer, NIBRS offense 11A (Rape), state victim demographics, 2023",2026-10-02
NJ,Unknown,130,https://cde.ucr.cjis.gov/LATEST/webapp/#/pages/explorer/crime/crime-trend,"FBI Crime Data Explorer, NIBRS offense 11A (Rape), state victim demographics, 2023",2026-10-02
NJ,Hispanic or Latino,323,https://cde.ucr.cjis.gov/LATEST/webapp/#/pages/explorer/crime/crime-trend,"FBI Crime Data Explorer, NIBRS offense 11A (Rape), state victim demographics, 2023",2026-10-02
NJ,Not Hispanic or Latino,559,https://cde.ucr.cjis.gov/LATEST/webapp/#/pages/explorer/crime/crime-trend,"FBI Crime Data Explorer, NIBRS offense 11A (Rape), state victim demographics, 2023",2026-10-02
NM,Unknown,158,https://cde.ucr.cjis.gov/LATEST/webapp/#/pages/explorer/crime/crime-trend,"FBI Crime Data Explorer, NIBRS offense 11A (Rape), state victim demographics, 2023",2026-10-02
NM,Hispanic or Latino,341,https://cde.ucr.cjis.gov/LATEST/webapp/#/pages/explorer/crime/crime-trend,"FBI Crime Data Explorer, NIBRS offense 11A (Rape), state victim demographics, 2023",2026-10-02
NM,Not Hispanic or Latino,369,https://cde.ucr.cjis.gov/LATEST/webapp/#/pages/explorer/crime/crime-trend,"FBI Crime Data Explorer, NIBRS offense 11A (Rape), state victim demographics, 2023",2026-10-02
NY,Unknown,189,https://cde.ucr.cjis.gov/LATEST/webapp/#/pages/explorer/crime/crime-trend,"FBI Crime Data Explorer, NIBRS offense 11A (Rape), state victim demographics, 2023",2026-10-02
NY,Hispanic or Latino,574,https://cde.ucr.cjis.gov/LATEST/webapp/#/pages/explorer/crime/crime-trend,"FBI Crime Data Explorer, NIBRS offense 11A (Rape), state victim demographics, 2023",2026-10-02
NY,Not Hispanic or Latino,1285,https://cde.ucr.cjis.gov/LATEST/webapp/#/pages/explorer/crime/crime-trend,"FBI Crime Data Explorer, NIBRS offense 11A (Rape), state victim demographics, 2023",2026-10-02
NC,Unknown,499,https://cde.ucr.cjis.gov/LATEST/webapp/#/pages/explorer/crime/crime-trend,"FBI Crime Data Explorer, NIBRS offense 11A (Rape), state victim demographics, 2023",2026-10-02
NC,Hispanic or Latino,280,https://cde.ucr.cjis.gov/LATEST/webapp/#/pages/explorer/crime/crime-trend,"FBI Crime Data Explorer, NIBRS offense 11A (Rape), state victim demographics, 2023",2026-10-02
NC,Not Hispanic or Latino,1591,https://cde.ucr.cjis.gov/LATEST/webapp/#/pages/explorer/crime/crime-trend,"FBI Crime Data Explorer, NIBRS offense 11A (Rape), state victim demographics, 2023",2026-10-02
ND,Unknown,42,https://cde.ucr.cjis.gov/LATEST/webapp/#/pages/explorer/crime/crime-trend,"FBI Crime Data Explorer, NIBRS offense 11A (Rape), state victim demographics, 2023",2026-10-02
ND,Hispanic or Latino,22,https://cde.ucr.cjis.gov/LATEST/webapp/#/pages/explorer/crime/crime-trend,"FBI Crime Data Explorer, NIBRS offense 11A (Rape), state victim demographics, 2023",2026-10-02
ND,Not Hispanic or Latino,307,https://cde.ucr.cjis.gov/LATEST/webapp/#/pages/explorer/crime/crime-trend,"FBI Crime Data Explorer, NIBRS offense 11A (Rape), state victim demographics, 2023",2026-10-02
OH,Unknown,4816,https://cde.ucr.cjis.gov/LATEST/webapp/#/pages/explorer/crime/crime-trend,"FBI Crime Data Explorer, NIBRS offense 11A (Rape), state victim demographics, 2023",2026-10-02
OH,Hispanic or Latino,165,https://cde.ucr.cjis.gov/LATEST/webapp/#/pages/explorer/crime/crime-trend,"FBI Crime Data Explorer, NIBRS offense 11A (Rape), state victim demographics, 2023",2026-10-02
OH,Not Hispanic or Latino,386,https://cde.ucr.cjis.gov/LATEST/webapp/#/pages/explorer/crime/crime-trend,"FBI Crime Data Explorer, NIBRS offense 11A (Rape), state victim demographics, 2023",2026-10-02
OK,Unknown,1893,https://cde.ucr.cjis.gov/LATEST/webapp/#/pages/explorer/crime/crime-trend,"FBI Crime Data Explorer, NIBRS offense 11A (Rape), state victim demographics, 2023",2026-10-02
OK,Hispanic or Latino,2,https://cde.ucr.cjis.gov/LATEST/webapp/#/pages/explorer/crime/crime-trend,"FBI Crime Data Explorer, NIBRS offense 11A (Rape), state victim demographics, 2023",2026-10-02
OK,Not Hispanic or Latino,31,https://cde.ucr.cjis.gov/LATEST/webapp/#/pages/explorer/crime/crime-trend,"FBI Crime Data Explorer, NIBRS offense 11A (Rape), state victim demographics, 2023",2026-10-02
OR,Unknown,906,https://cde.ucr.cjis.gov/LATEST/webapp/#/pages/explorer/crime/crime-trend,"FBI Crime Data Explorer, NIBRS offense 11A (Rape), state victim demographics, 2023",2026-10-02
OR,Hispanic or Latino,189,https://cde.ucr.cjis.gov/LATEST/webapp/#/pages/explorer/crime/crime-trend,"FBI Crime Data Explorer, NIBRS offense 11A (Rape), state victim demographics, 2023",2026-10-02
OR,Not Hispanic or Latino,324,https://cde.ucr.cjis.gov/LATEST/webapp/#/pages/explorer/crime/crime-trend,"FBI Crime Data Explorer, NIBRS offense 11A (Rape), state victim demographics, 2023",2026-10-02
PA,Unknown,131,https://cde.ucr.cjis.gov/LATEST/webapp/#/pages/explorer/crime/crime-trend,"FBI Crime Data Explorer, NIBRS offense 11A (Rape), state victim demographics, 2023",2026-10-02
PA,Hispanic or Latino,184,https://cde.ucr.cjis.gov/LATEST/webapp/#/pages/explorer/crime/crime-trend,"FBI Crime Data Explorer, NIBRS offense 11A (Rape), state victim demographics, 2023",2026-10-02
PA,Not Hispanic or Latino,1614,https://cde.ucr.cjis.gov/LATEST/webapp/#/pages/explorer/crime/crime-trend,"FBI Crime Data Explorer, NIBRS offense 11A (Rape), state victim demographics, 2023",2026-10-02
RI,Unknown,7,https://cde.ucr.cjis.gov/LATEST/webapp/#/pages/explorer/crime/crime-trend,"FBI Crime Data Explorer, NIBRS offense 11A (Rape), state victim demographics, 2023",2026-10-02
RI,Hispanic or Latino,65,https://cde.ucr.cjis.gov/LATEST/webapp/#/pages/explorer/crime/crime-trend,"FBI Crime Data Explorer, NIBRS offense 11A (Rape), state victim demographics, 2023",2026-10-02
RI,Not Hispanic or Latino,259,https://cde.ucr.cjis.gov/LATEST/webapp/#/pages/explorer/crime/crime-trend,"FBI Crime Data Explorer, NIBRS offense 11A (Rape), state victim demographics, 2023",2026-10-02
SC,Unknown,66,https://cde.ucr.cjis.gov/LATEST/webapp/#/pages/explorer/crime/crime-trend,"FBI Crime Data Explorer, NIBRS offense 11A (Rape), state victim demographics, 2023",2026-10-02
SC,Hispanic or Latino,145,https://cde.ucr.cjis.gov/LATEST/webapp/#/pages/explorer/crime/crime-trend,"FBI Crime Data Explorer, NIBRS offense 11A (Rape), state victim demographics, 2023",2026-10-02
SC,Not Hispanic or Latino,1408,https://cde.ucr.cjis.gov/LATEST/webapp/#/pages/explorer/crime/crime-trend,"FBI Crime Data Explorer, NIBRS offense 11A (Rape), state victim demographics, 2023",2026-10-02
SD,Unknown,109,https://cde.ucr.cjis.gov/LATEST/webapp/#/pages/explorer/crime/crime-trend,"FBI Crime Data Explorer, NIBRS offense 11A (Rape), state victim demographics, 2023",2026-10-02
SD,Hispanic or Latino,18,https://cde.ucr.cjis.gov/LATEST/webapp/#/pages/explorer/crime/crime-trend,"FBI Crime Data Explorer, NIBRS offense 11A (Rape), state victim demographics, 2023",2026-10-02
SD,Not Hispanic or Latino,274,https://cde.ucr.cjis.gov/LATEST/webapp/#/pages/explorer/crime/crime-trend,"FBI Crime Data Explorer, NIBRS offense 11A (Rape), state victim demographics, 2023",2026-10-02
TN,Unknown,53,https://cde.ucr.cjis.gov/LATEST/webapp/#/pages/explorer/crime/crime-trend,"FBI Crime Data Explorer, NIBRS offense 11A (Rape), state victim demographics, 2023",2026-10-02
TN,Hispanic or Latino,220,https://cde.ucr.cjis.gov/LATEST/webapp/#/pages/explorer/crime/crime-trend,"FBI Crime Data Explorer, NIBRS offense 11A (Rape), state victim demographics, 2023",2026-10-02
TN,Not Hispanic or Latino,2040,https://cde.ucr.cjis.gov/LATEST/webapp/#/pages/explorer/crime/crime-trend,"FBI Crime Data Explorer, NIBRS offense 11A (Rape), state victim demographics, 2023",2026-10-02
TX,Unknown,907,https://cde.ucr.cjis.gov/LATEST/webapp/#/pages/explorer/crime/crime-trend,"FBI Crime Data Explorer, NIBRS offense 11A (Rape), state victim demographics, 2023",2026-10-02
TX,Hispanic or Latino,4522,https://cde.ucr.cjis.gov/LATEST/webapp/#/pages/explorer/crime/crime-trend,"FBI Crime Data Explorer, NIBRS offense 11A (Rape), state victim demographics, 2023",2026-10-02
TX,Not Hispanic or Latino,6525,https://cde.ucr.cjis.gov/LATEST/webapp/#/pages/explorer/crime/crime-trend,"FBI Crime Data Explorer, NIBRS offense 11A (Rape), state victim demographics, 2023",2026-10-02
UT,Unknown,878,https://cde.ucr.cjis.gov/LATEST/webapp/#/pages/explorer/crime/crime-trend,"FBI Crime Data Explorer, NIBRS offense 11A (Rape), state victim demographics, 2023",2026-10-02
UT,Hispanic or Latino,183,https://cde.ucr.cjis.gov/LATEST/webapp/#/pages/explorer/crime/crime-trend,"FBI Crime Data Explorer, NIBRS offense 11A (Rape), state victim demographics, 2023",2026-10-02
UT,Not Hispanic or Latino,527,https://cde.ucr.cjis.gov/LATEST/webapp/#/pages/explorer/crime/crime-trend,"FBI Crime Data Explorer, NIBRS offense 11A (Rape), state victim demographics, 2023",2026-10-02
VT,Unknown,111,https://cde.ucr.cjis.gov/LATEST/webapp/#/pages/explorer/crime/crime-trend,"FBI Crime Data Explorer, NIBRS offense 11A (Rape), state victim demographics, 2023",2026-10-02
VT,Hispanic or Latino,3,https://cde.ucr.cjis.gov/LATEST/webapp/#/pages/explorer/crime/crime-trend,"FBI Crime Data Explorer, NIBRS offense 11A (Rape), state victim demographics, 2023",2026-10-02
VT,Not Hispanic or Latino,102,https://cde.ucr.cjis.gov/LATEST/webapp/#/pages/explorer/crime/crime-trend,"FBI Crime Data Explorer, NIBRS offense 11A (Rape), state victim demographics, 2023",2026-10-02
VA,Unknown,153,https://cde.ucr.cjis.gov/LATEST/webapp/#/pages/explorer/crime/crime-trend,"FBI Crime Data Explorer, NIBRS offense 11A (Rape), state victim demographics, 2023",2026-10-02
VA,Hispanic or Latino,262,https://cde.ucr.cjis.gov/LATEST/webapp/#/pages/explorer/crime/crime-trend,"FBI Crime Data Explorer, NIBRS offense 11A (Rape), state victim demographics, 2023",2026-10-02
VA,Not Hispanic or Latino,1460,https://cde.ucr.cjis.gov/LATEST/webapp/#/pages/explorer/crime/crime-trend,"FBI Crime Data Explorer, NIBRS offense 11A (Rape), state victim demographics, 2023",2026-10-02
WA,Unknown,1092,https://cde.ucr.cjis.gov/LATEST/webapp/#/pages/explorer/crime/crime-trend,"FBI Crime Data Explorer, NIBRS offense 11A (Rape), state victim demographics, 2023",2026-10-02
WA,Hispanic or Latino,286,https://cde.ucr.cjis.gov/LATEST/webapp/#/pages/explorer/crime/crime-trend,"FBI Crime Data Explorer, NIBRS offense 11A (Rape), state victim demographics, 2023",2026-10-02
WA,Not Hispanic or Latino,1345,https://cde.ucr.cjis.gov/LATEST/webapp/#/pages/explorer/crime/crime-trend,"FBI Crime Data Explorer, NIBRS offense 11A (Rape), state victim demographics, 2023",2026-10-02
WV,Unknown,272,https://cde.ucr.cjis.gov/LATEST/webapp/#/pages/explorer/crime/crime-trend,"FBI Crime Data Explorer, NIBRS offense 11A (Rape), state victim demographics, 2023",2026-10-02
WV,Hispanic or Latino,8,https://cde.ucr.cjis.gov/LATEST/webapp/#/pages/explorer/crime/crime-trend,"FBI Crime Data Explorer, NIBRS offense 11A (Rape), state victim demographics, 2023",2026-10-02
WV,Not Hispanic or Latino,465,https://cde.ucr.cjis.gov/LATEST/webapp/#/pages/explorer/crime/crime-trend,"FBI Crime Data Explorer, NIBRS offense 11A (Rape), state victim demographics, 2023",2026-10-02
WI,Unknown,465,https://cde.ucr.cjis.gov/LATEST/webapp/#/pages/explorer/crime/crime-trend,"FBI Crime Data Explorer, NIBRS offense 11A (Rape), state victim demographics, 2023",2026-10-02
WI,Hispanic or Latino,176,https://cde.ucr.cjis.gov/LATEST/webapp/#/pages/explorer/crime/crime-trend,"FBI Crime Data Explorer, NIBRS offense 11A (Rape), state victim demographics, 2023",2026-10-02
WI,Not Hispanic or Latino,1166,https://cde.ucr.cjis.gov/LATEST/webapp/#/pages/explorer/crime/crime-trend,"FBI Crime Data Explorer, NIBRS offense 11A (Rape), state victim demographics, 2023",2026-10-02
WY,Unknown,14,https://cde.ucr.cjis.gov/LATEST/webapp/#/pages/explorer/crime/crime-trend,"FBI Crime Data Explorer, NIBRS offense 11A (Rape), state victim demographics, 2023",2026-10-02
WY,Hispanic or Latino,22,https://cde.ucr.cjis.gov/LATEST/webapp/#/pages/explorer/crime/crime-trend,"FBI Crime Data Explorer, NIBRS offense 11A (Rape), state victim demographics, 2023",2026-10-02
WY,Not Hispanic or Latino,221,https://cde.ucr.cjis.gov/LATEST/webapp/#/pages/explorer/crime/crime-trend,"FBI Crime Data Explorer, NIBRS offense 11A (Rape), state victim demographics, 2023",2026-10-02
