state_abbr,sex,victim_count_2023,source_url,source_name,pulled_date
AL,Male,57,https://cde.ucr.cjis.gov/LATEST/webapp/#/pages/explorer/crime/crime-trend,"FBI Crime Data Explorer, NIBRS offense 11A (Rape), state victim demographics, 2023",2026-10-02
AL,Female,1072,https://cde.ucr.cjis.gov/LATEST/webapp/#/pages/explorer/crime/crime-trend,"FBI Crime Data Explorer, NIBRS offense 11A (Rape), state victim demographics, 2023",2026-10-02
AL,Unknown/Not Specified,0,https://cde.ucr.cjis.gov/LATEST/webapp/#/pages/explorer/crime/crime-trend,"FBI Crime Data Explorer, NIBRS offense 11A (Rape), state victim demographics, 2023",2026-10-02
AK,Male,6,https://cde.ucr.cjis.gov/LATEST/webapp/#/pages/explorer/crime/crime-trend,"FBI Crime Data Explorer, NIBRS offense 11A (Rape), state victim demographics, 2023",2026-10-02
AK,Female,327,https://cde.ucr.cjis.gov/LATEST/webapp/#/pages/explorer/crime/crime-trend,"FBI Crime Data Explorer, NIBRS offense 11A (Rape), state victim demographics, 2023",2026-10-02
AK,Unknown/Not Specified,0,https://cde.ucr.cjis.gov/LATEST/webapp/#/pages/explorer/crime/crime-trend,"FBI Crime Data Explorer, NIBRS offense 11A (Rape), state victim demographics, 2023",2026-10-02
AZ,Male,52,https://cde.ucr.cjis.gov/LATEST/webapp/#/pages/explorer/crime/crime-trend,"FBI Crime Data Explorer, NIBRS offense 11A (Rape), state victim demographics, 2023",2026-10-02
AZ,Female,1329,https://cde.ucr.cjis.gov/LATEST/webapp/#/pages/explorer/crime/crime-trend,"FBI Crime Data Explorer, NIBRS offense 11A (Rape), state victim demographics, 2023",2026-10-02
AZ,Unknown/Not Specified,0,https://cde.ucr.cjis.gov/LATEST/webapp/#/pages/explorer/crime/crime-trend,"FBI Crime Data Explorer, NIBRS offense 11A (Rape), state victim demographics, 2023",2026-10-02
AR,Male,75,https://cde.ucr.cjis.gov/LATEST/webapp/#/pages/explorer/crime/crime-trend,"FBI Crime Data Explorer, NIBRS offense 11A (Rape), state victim demographics, 2023",2026-10-02
AR,Female,1522,https://cde.ucr.cjis.gov/LATEST/webapp/#/pages/explorer/crime/crime-trend,"FBI Crime Data Explorer, NIBRS offense 11A (Rape), state victim demographics, 2023",2026-10-02
AR,Unknown/Not Specified,0,https://cde.ucr.cjis.gov/LATEST/webapp/#/pages/explorer/crime/crime-trend,"FBI Crime Data Explorer, NIBRS offense 11A (Rape), state victim demographics, 2023",2026-10-02
CA,Male,127,https://cde.ucr.cjis.gov/LATEST/webapp/#/pages/explorer/crime/crime-trend,"FBI Crime Data Explorer, NIBRS offense 11A (Rape), state victim demographics, 2023",2026-10-02
CA,Female,6529,https://cde.ucr.cjis.gov/LATEST/webapp/#/pages/explorer/crime/crime-trend,"FBI Crime Data Explorer, NIBRS offense 11A (Rape), state victim demographics, 2023",2026-10-02
CA,Unknown/Not Specified,0,https://cde.ucr.cjis.gov/LATEST/webapp/#/pages/explorer/crime/crime-trend,"FBI Crime Data Explorer, NIBRS offense 11A (Rape), state victim demographics, 2023",2026-10-02
CO,Male,88,https://cde.ucr.cjis.gov/LATEST/webapp/#/pages/explorer/crime/crime-trend,"FBI Crime Data Explorer, NIBRS offense 11A (Rape), state victim demographics, 2023",2026-10-02
CO,Female,2509,https://cde.ucr.cjis.gov/LATEST/webapp/#/pages/explorer/crime/crime-trend,"FBI Crime Data Explorer, NIBRS offense 11A (Rape), state victim demographics, 2023",2026-10-02
CO,Unknown/Not Specified,0,https://cde.ucr.cjis.gov/LATEST/webapp/#/pages/explorer/crime/crime-trend,"FBI Crime Data Explorer, NIBRS offense 11A (Rape), state victim demographics, 2023",2026-10-02
CT,Male,22,https://cde.ucr.cjis.gov/LATEST/webapp/#/pages/explorer/crime/crime-trend,"FBI Crime Data Explorer, NIBRS offense 11A (Rape), state victim demographics, 2023",2026-10-02
CT,Female,617,https://cde.ucr.cjis.gov/LATEST/webapp/#/pages/explorer/crime/crime-trend,"FBI Crime Data Explorer, NIBRS offense 11A (Rape), state victim demographics, 2023",2026-10-02
CT,Unknown/Not Specified,0,https://cde.ucr.cjis.gov/LATEST/webapp/#/pages/explorer/crime/crime-trend,"FBI Crime Data Explorer, NIBRS offense 11A (Rape), state victim demographics, 2023",2026-10-02
DE,Male,2,https://cde.ucr.cjis.gov/LATEST/webapp/#/pages/explorer/crime/crime-trend,"FBI Crime Data Explorer, NIBRS offense 11A (Rape), state victim demographics, 2023",2026-10-02
DE,Female,170,https://cde.ucr.cjis.gov/LATEST/webapp/#/pages/explorer/crime/crime-trend,"FBI Crime Data Explorer, NIBRS offense 11A (Rape), state victim demographics, 2023",2026-10-02
DE,Unknown/Not Specified,0,https://cde.ucr.cjis.gov/LATEST/webapp/#/pages/explorer/crime/crime-trend,"FBI Crime Data Explorer, NIBRS offense 11A (Rape), state victim demographics, 2023",2026-10-02
DC,Male,2,https://cde.ucr.cjis.gov/LATEST/webapp/#/pages/explorer/crime/crime-trend,"FBI Crime Data Explorer, NIBRS offense 11A (Rape), state victim demographics, 2023",2026-10-02
DC,Female,219,https://cde.ucr.cjis.gov/LATEST/webapp/#/pages/explorer/crime/crime-trend,"FBI Crime Data Explorer, NIBRS offense 11A (Rape), state victim demographics, 2023",2026-10-02
DC,Unknown/Not Specified,0,https://cde.ucr.cjis.gov/LATEST/webapp/#/pages/explorer/crime/crime-trend,"FBI Crime Data Explorer, NIBRS offense 11A (Rape), state victim demographics, 2023",2026-10-02
FL,Male,108,https://cde.ucr.cjis.gov/LATEST/webapp/#/pages/explorer/crime/crime-trend,"FBI Crime Data Explorer, NIBRS offense 11A (Rape), state victim demographics, 2023",2026-10-02
FL,Female,3324,https://cde.ucr.cjis.gov/LATEST/webapp/#/pages/explorer/crime/crime-trend,"FBI Crime Data Explorer, NIBRS offense 11A (Rape), state victim demographics, 2023",2026-10-02
FL,Unknown/Not Specified,0,https://cde.ucr.cjis.gov/LATEST/webapp/#/pages/explorer/crime/crime-trend,"FBI Crime Data Explorer, NIBRS offense 11A (Rape), state victim demographics, 2023",2026-10-02
GA,Male,18,https://cde.ucr.cjis.gov/LATEST/webapp/#/pages/explorer/crime/crime-trend,"FBI Crime Data Explorer, NIBRS offense 11A (Rape), state victim demographics, 2023",2026-10-02
GA,Female,1991,https://cde.ucr.cjis.gov/LATEST/webapp/#/pages/explorer/crime/crime-trend,"FBI Crime Data Explorer, NIBRS offense 11A (Rape), state victim demographics, 2023",2026-10-02
GA,Unknown/Not Specified,0,https://cde.ucr.cjis.gov/LATEST/webapp/#/pages/explorer/crime/crime-trend,"FBI Crime Data Explorer, NIBRS offense 11A (Rape), state victim demographics, 2023",2026-10-02
HI,Male,26,https://cde.ucr.cjis.gov/LATEST/webapp/#/pages/explorer/crime/crime-trend,"FBI Crime Data Explorer, NIBRS offense 11A (Rape), state victim demographics, 2023",2026-10-02
HI,Female,526,https://cde.ucr.cjis.gov/LATEST/webapp/#/pages/explorer/crime/crime-trend,"FBI Crime Data Explorer, NIBRS offense 11A (Rape), state victim demographics, 2023",2026-10-02
HI,Unknown/Not Specified,0,https://cde.ucr.cjis.gov/LATEST/webapp/#/pages/explorer/crime/crime-trend,"FBI Crime Data Explorer, NIBRS offense 11A (Rape), state victim demographics, 2023",2026-10-02
ID,Male,8,https://cde.ucr.cjis.gov/LATEST/webapp/#/pages/explorer/crime/crime-trend,"FBI Crime Data Explorer, NIBRS offense 11A (Rape), state victim demographics, 2023",2026-10-02
ID,Female,670,https://cde.ucr.cjis.gov/LATEST/webapp/#/pages/explorer/crime/crime-trend,"FBI Crime Data Explorer, NIBRS offense 11A (Rape), state victim demographics, 2023",2026-10-02
ID,Unknown/Not Specified,0,https://cde.ucr.cjis.gov/LATEST/webapp/#/pages/explorer/crime/crime-trend,"FBI Crime Data Explorer, NIBRS offense 11A (Rape), state victim demographics, 2023",2026-10-02
IL,Male,228,https://cde.ucr.cjis.gov/LATEST/webapp/#/pages/explorer/crime/crime-trend,"FBI Crime Data Explorer, NIBRS offense 11A (Rape), state victim demographics, 2023",2026-10-02
IL,Female,4614,https://cde.ucr.cjis.gov/LATEST/webapp/#/pages/explorer/crime/crime-trend,"FBI Crime Data Explorer, NIBRS offense 11A (Rape), state victim demographics, 2023",2026-10-02
IL,Unknown/Not Specified,0,https://cde.ucr.cjis.gov/LATEST/webapp/#/pages/explorer/crime/crime-trend,"FBI Crime Data Explorer, NIBRS offense 11A (Rape), state victim demographics, 2023",2026-10-02
IN,Male,37,https://cde.ucr.cjis.gov/LATEST/webapp/#/pages/explorer/crime/crime-trend,"FBI Crime Data Explorer, NIBRS offense 11A (Rape), state victim demographics, 2023",2026-10-02
IN,Female,1659,https://cde.ucr.cjis.gov/LATEST/webapp/#/pages/explorer/crime/crime-trend,"FBI Crime Data Explorer, NIBRS offense 11A (Rape), state victim demographics, 2023",2026-10-02
IN,Unknown/Not Specified,0,https://cde.ucr.cjis.gov/LATEST/webapp/#/pages/explorer/crime/crime-trend,"FBI Crime Data Explorer, NIBRS offense 11A (Rape), state victim demographics, 2023",2026-10-02
IA,Male,32,https://cde.ucr.cjis.gov/LATEST/webapp/#/pages/explorer/crime/crime-trend,"FBI Crime Data Explorer, NIBRS offense 11A (Rape), state victim demographics, 2023",2026-10-02
IA,Female,1007,https://cde.ucr.cjis.gov/LATEST/webapp/#/pages/explorer/crime/crime-trend,"FBI Crime Data Explorer, NIBRS offense 11A (Rape), state victim demographics, 2023",2026-10-02
IA,Unknown/Not Specified,0,https://cde.ucr.cjis.gov/LATEST/webapp/#/pages/explorer/crime/crime-trend,"FBI Crime Data Explorer, NIBRS offense 11A (Rape), state victim demographics, 2023",2026-10-02
KS,Male,38,https://cde.ucr.cjis.gov/LATEST/webapp/#/pages/explorer/crime/crime-trend,"FBI Crime Data Explorer, NIBRS offense 11A (Rape), state victim demographics, 2023",2026-10-02
KS,Female,1050,https://cde.ucr.cjis.gov/LATEST/webapp/#/pages/explorer/crime/crime-trend,"FBI Crime Data Explorer, NIBRS offense 11A (Rape), state victim demographics, 2023",2026-10-02
KS,Unknown/Not Specified,0,https://cde.ucr.cjis.gov/LATEST/webapp/#/pages/explorer/crime/crime-trend,"FBI Crime Data Explorer, NIBRS offense 11A (Rape), state victim demographics, 2023",2026-10-02
KY,Male,45,https://cde.ucr.cjis.gov/LATEST/webapp/#/pages/explorer/crime/crime-trend,"FBI Crime Data Explorer, NIBRS offense 11A (Rape), state victim demographics, 2023",2026-10-02
KY,Female,1206,https://cde.ucr.cjis.gov/LATEST/webapp/#/pages/explorer/crime/crime-trend,"FBI Crime Data Explorer, NIBRS offense 11A (Rape), state victim demographics, 2023",2026-10-02
KY,Unknown/Not Specified,0,https://cde.ucr.cjis.gov/LATEST/webapp/#/pages/explorer/crime/crime-trend,"FBI Crime Data Explorer, NIBRS offense 11A (Rape), state victim demographics, 2023",2026-10-02
LA,Male,50,https://cde.ucr.cjis.gov/LATEST/webapp/#/pages/explorer/crime/crime-trend,"FBI Crime Data Explorer, NIBRS offense 11A (Rape), state victim demographics, 2023",2026-10-02
LA,Female,962,https://cde.ucr.cjis.gov/LATEST/webapp/#/pages/explorer/crime/crime-trend,"FBI Crime Data Explorer, NIBRS offense 11A (Rape), state victim demographics, 2023",2026-10-02
LA,Unknown/Not Specified,0,https://cde.ucr.cjis.gov/LATEST/webapp/#/pages/explorer/crime/crime-trend,"FBI Crime Data Explorer, NIBRS offense 11A (Rape), state victim demographics, 2023",2026-10-02
ME,Male,15,https://cde.ucr.cjis.gov/LATEST/webapp/#/pages/explorer/crime/crime-trend,"FBI Crime Data Explorer, NIBRS offense 11A (Rape), state victim demographics, 2023",2026-10-02
ME,Female,378,https://cde.ucr.cjis.gov/LATEST/webapp/#/pages/explorer/crime/crime-trend,"FBI Crime Data Explorer, NIBRS offense 11A (Rape), state victim demographics, 2023",2026-10-02
ME,Unknown/Not Specified,0,https://cde.ucr.cjis.gov/LATEST/webapp/#/pages/explorer/crime/crime-trend,"FBI Crime Data Explorer, NIBRS offense 11A (Rape), state victim demographics, 2023",2026-10-02
MD,Male,20,https://cde.ucr.cjis.gov/LATEST/webapp/#/pages/explorer/crime/crime-trend,"FBI Crime Data Explorer, NIBRS offense 11A (Rape), state victim demographics, 2023",2026-10-02
MD,Female,1540,https://cde.ucr.cjis.gov/LATEST/webapp/#/pages/explorer/crime/crime-trend,"FBI Crime Data Explorer, NIBRS offense 11A (Rape), state victim demographics, 2023",2026-10-02
MD,Unknown/Not Specified,0,https://cde.ucr.cjis.gov/LATEST/webapp/#/pages/explorer/crime/crime-trend,"FBI Crime Data Explorer, NIBRS offense 11A (Rape), state victim demographics, 2023",2026-10-02
MA,Male,63,https://cde.ucr.cjis.gov/LATEST/webapp/#/pages/explorer/crime/crime-trend,"FBI Crime Data Explorer, NIBRS offense 11A (Rape), state victim demographics, 2023",2026-10-02
MA,Female,1527,https://cde.ucr.cjis.gov/LATEST/webapp/#/pages/explorer/crime/crime-trend,"FBI Crime Data Explorer, NIBRS offense 11A (Rape), state victim demographics, 2023",2026-10-02
MA,Unknown/Not Specified,0,https://cde.ucr.cjis.gov/LATEST/webapp/#/pages/explorer/crime/crime-trend,"FBI Crime Data Explorer, NIBRS offense 11A (Rape), state victim demographics, 2023",2026-10-02
MI,Male,135,https://cde.ucr.cjis.gov/LATEST/webapp/#/pages/explorer/crime/crime-trend,"FBI Crime Data Explorer, NIBRS offense 11A (Rape), state victim demographics, 2023",2026-10-02
MI,Female,3876,https://cde.ucr.cjis.gov/LATEST/webapp/#/pages/explorer/crime/crime-trend,"FBI Crime Data Explorer, NIBRS offense 11A (Rape), state victim demographics, 2023",2026-10-02
MI,Unknown/Not Specified,0,https://cde.ucr.cjis.gov/LATEST/webapp/#/pages/explorer/crime/crime-trend,"FBI Crime Data Explorer, NIBRS offense 11A (Rape), state victim demographics, 2023",2026-10-02
MN,Male,60,https://cde.ucr.cjis.gov/LATEST/webapp/#/pages/explorer/crime/crime-trend,"FBI Crime Data Explorer, NIBRS offense 11A (Rape), state victim demographics, 2023",2026-10-02
MN,Female,1741,https://cde.ucr.cjis.gov/LATEST/webapp/#/pages/explorer/crime/crime-trend,"FBI Crime Data Explorer, NIBRS offense 11A (Rape), state victim demographics, 2023",2026-10-02
MN,Unknown/Not Specified,0,https://cde.ucr.cjis.gov/LATEST/webapp/#/pages/explorer/crime/crime-trend,"FBI Crime Data Explorer, NIBRS offense 11A (Rape), state victim demographics, 2023",2026-10-02
MS,Male,8,https://cde.ucr.cjis.gov/LATEST/webapp/#/pages/explorer/crime/crime-trend,"FBI Crime Data Explorer, NIBRS offense 11A (Rape), state victim demographics, 2023",2026-10-02
MS,Female,514,https://cde.ucr.cjis.gov/LATEST/webapp/#/pages/explorer/crime/crime-trend,"FBI Crime Data Explorer, NIBRS offense 11A (Rape), state victim demographics, 2023",2026-10-02
MS,Unknown/Not Specified,0,https://cde.ucr.cjis.gov/LATEST/webapp/#/pages/explorer/crime/crime-trend,"FBI Crime Data Explorer, NIBRS offense 11A (Rape), state victim demographics, 2023",2026-10-02
MO,Male,40,https://cde.ucr.cjis.gov/LATEST/webapp/#/pages/explorer/crime/crime-trend,"FBI Crime Data Explorer, NIBRS offense 11A (Rape), state victim demographics, 2023",2026-10-02
MO,Female,1694,https://cde.ucr.cjis.gov/LATEST/webapp/#/pages/explorer/crime/crime-trend,"FBI Crime Data Explorer, NIBRS offense 11A (Rape), state victim demographics, 2023",2026-10-02
MO,Unknown/Not Specified,0,https://cde.ucr.cjis.gov/LATEST/webapp/#/pages/explorer/crime/crime-trend,"FBI Crime Data Explorer, NIBRS offense 11A (Rape), state victim demographics, 2023",2026-10-02
MT,Male,39,https://cde.ucr.cjis.gov/LATEST/webapp/#/pages/explorer/crime/crime-trend,"FBI Crime Data Explorer, NIBRS offense 11A (Rape), state victim demographics, 2023",2026-10-02
MT,Female,575,https://cde.ucr.cjis.gov/LATEST/webapp/#/pages/explorer/crime/crime-trend,"FBI Crime Data Explorer, NIBRS offense 11A (Rape), state victim demographics, 2023",2026-10-02
MT,Unknown/Not Specified,0,https://cde.ucr.cjis.gov/LATEST/webapp/#/pages/explorer/crime/crime-trend,"FBI Crime Data Explorer, NIBRS offense 11A (Rape), state victim demographics, 2023",2026-10-02
NE,Male,18,https://cde.ucr.cjis.gov/LATEST/webapp/#/pages/explorer/crime/crime-trend,"FBI Crime Data Explorer, NIBRS offense 11A (Rape), state victim demographics, 2023",2026-10-02
NE,Female,650,https://cde.ucr.cjis.gov/LATEST/webapp/#/pages/explorer/crime/crime-trend,"FBI Crime Data Explorer, NIBRS offense 11A (Rape), state victim demographics, 2023",2026-10-02
NE,Unknown/Not Specified,0,https://cde.ucr.cjis.gov/LATEST/webapp/#/pages/explorer/crime/crime-trend,"FBI Crime Data Explorer, NIBRS offense 11A (Rape), state victim demographics, 2023",2026-10-02
NV,Male,57,https://cde.ucr.cjis.gov/LATEST/webapp/#/pages/explorer/crime/crime-trend,"FBI Crime Data Explorer, NIBRS offense 11A (Rape), state victim demographics, 2023",2026-10-02
NV,Female,1368,https://cde.ucr.cjis.gov/LATEST/webapp/#/pages/explorer/crime/crime-trend,"FBI Crime Data Explorer, NIBRS offense 11A (Rape), state victim demographics, 2023",2026-10-02
NV,Unknown/Not Specified,0,https://cde.ucr.cjis.gov/LATEST/webapp/#/pages/explorer/crime/crime-trend,"FBI Crime Data Explorer, NIBRS offense 11A (Rape), state victim demographics, 2023",2026-10-02
NH,Male,8,https://cde.ucr.cjis.gov/LATEST/webapp/#/pages/explorer/crime/crime-trend,"FBI Crime Data Explorer, NIBRS offense 11A (Rape), state victim demographics, 2023",2026-10-02
NH,Female,447,https://cde.ucr.cjis.gov/LATEST/webapp/#/pages/explorer/crime/crime-trend,"FBI Crime Data Explorer, NIBRS offense 11A (Rape), state victim demographics, 2023",2026-10-02
NH,Unknown/Not Specified,0,https://cde.ucr.cjis.gov/LATEST/webapp/#/pages/explorer/crime/crime-trend,"FBI Crime Data Explorer, NIBRS offense 11A (Rape), state victim demographics, 2023",2026-10-02
NJ,Male,26,https://cde.ucr.cjis.gov/LATEST/webapp/#/pages/explorer/crime/crime-trend,"FBI Crime Data Explorer, NIBRS offense 11A (Rape), state victim demographics, 2023",2026-10-02
NJ,Female,986,https://cde.ucr.cjis.gov/LATEST/webapp/#/pages/explorer/crime/crime-trend,"FBI Crime Data Explorer, NIBRS offense 11A (Rape), state victim demographics, 2023",2026-10-02
NJ,Unknown/Not Specified,0,https://cde.ucr.cjis.gov/LATEST/webapp/#/pages/explorer/crime/crime-trend,"FBI Crime Data Explorer, NIBRS offense 11A (Rape), state victim demographics, 2023",2026-10-02
NM,Male,38,https://cde.ucr.cjis.gov/LATEST/webapp/#/pages/explorer/crime/crime-trend,"FBI Crime Data Explorer, NIBRS offense 11A (Rape), state victim demographics, 2023",2026-10-02
NM,Female,830,https://cde.ucr.cjis.gov/LATEST/webapp/#/pages/explorer/crime/crime-trend,"FBI Crime Data Explorer, NIBRS offense 11A (Rape), state victim demographics, 2023",2026-10-02
NM,Unknown/Not Specified,0,https://cde.ucr.cjis.gov/LATEST/webapp/#/pages/explorer/crime/crime-trend,"FBI Crime Data Explorer, NIBRS offense 11A (Rape), state victim demographics, 2023",2026-10-02
NY,Male,71,https://cde.ucr.cjis.gov/LATEST/webapp/#/pages/explorer/crime/crime-trend,"FBI Crime Data Explorer, NIBRS offense 11A (Rape), state victim demographics, 2023",2026-10-02
NY,Female,1977,https://cde.ucr.cjis.gov/LATEST/webapp/#/pages/explorer/crime/crime-trend,"FBI Crime Data Explorer, NIBRS offense 11A (Rape), state victim demographics, 2023",2026-10-02
NY,Unknown/Not Specified,0,https://cde.ucr.cjis.gov/LATEST/webapp/#/pages/explorer/crime/crime-trend,"FBI Crime Data Explorer, NIBRS offense 11A (Rape), state victim demographics, 2023",2026-10-02
NC,Male,60,https://cde.ucr.cjis.gov/LATEST/webapp/#/pages/explorer/crime/crime-trend,"FBI Crime Data Explorer, NIBRS offense 11A (Rape), state victim demographics, 2023",2026-10-02
NC,Female,2310,https://cde.ucr.cjis.gov/LATEST/webapp/#/pages/explorer/crime/crime-trend,"FBI Crime Data Explorer, NIBRS offense 11A (Rape), state victim demographics, 2023",2026-10-02
NC,Unknown/Not Specified,0,https://cde.ucr.cjis.gov/LATEST/webapp/#/pages/explorer/crime/crime-trend,"FBI Crime Data Explorer, NIBRS offense 11A (Rape), state victim demographics, 2023",2026-10-02
ND,Male,15,https://cde.ucr.cjis.gov/LATEST/webapp/#/pages/explorer/crime/crime-trend,"FBI Crime Data Explorer, NIBRS offense 11A (Rape), state victim demographics, 2023",2026-10-02
ND,Female,356,https://cde.ucr.cjis.gov/LATEST/webapp/#/pages/explorer/crime/crime-trend,"FBI Crime Data Explorer, NIBRS offense 11A (Rape), state victim demographics, 2023",2026-10-02
ND,Unknown/Not Specified,0,https://cde.ucr.cjis.gov/LATEST/webapp/#/pages/explorer/crime/crime-trend,"FBI Crime Data Explorer, NIBRS offense 11A (Rape), state victim demographics, 2023",2026-10-02
OH,Male,290,https://cde.ucr.cjis.gov/LATEST/webapp/#/pages/explorer/crime/crime-trend,"FBI Crime Data Explorer, NIBRS offense 11A (Rape), state victim demographics, 2023",2026-10-02
OH,Female,5077,https://cde.ucr.cjis.gov/LATEST/webapp/#/pages/explorer/crime/crime-trend,"FBI Crime Data Explorer, NIBRS offense 11A (Rape), state victim demographics, 2023",2026-10-02
OH,Unknown/Not Specified,0,https://cde.ucr.cjis.gov/LATEST/webapp/#/pages/explorer/crime/crime-trend,"FBI Crime Data Explorer, NIBRS offense 11A (Rape), state victim demographics, 2023",2026-10-02
OK,Male,70,https://cde.ucr.cjis.gov/LATEST/webapp/#/pages/explorer/crime/crime-trend,"FBI Crime Data Explorer, NIBRS offense 11A (Rape), state victim demographics, 2023",2026-10-02
OK,Female,1856,https://cde.ucr.cjis.gov/LATEST/webapp/#/pages/explorer/crime/crime-trend,"FBI Crime Data Explorer, NIBRS offense 11A (Rape), state victim demographics, 2023",2026-10-02
OK,Unknown/Not Specified,0,https://cde.ucr.cjis.gov/LATEST/webapp/#/pages/explorer/crime/crime-trend,"FBI Crime Data Explorer, NIBRS offense 11A (Rape), state victim demographics, 2023",2026-10-02
OR,Male,42,https://cde.ucr.cjis.gov/LATEST/webapp/#/pages/explorer/crime/crime-trend,"FBI Crime Data Explorer, NIBRS offense 11A (Rape), state victim demographics, 2023",2026-10-02
OR,Female,1377,https://cde.ucr.cjis.gov/LATEST/webapp/#/pages/explorer/crime/crime-trend,"FBI Crime Data Explorer, NIBRS offense 11A (Rape), state victim demographics, 2023",2026-10-02
OR,Unknown/Not Specified,0,https://cde.ucr.cjis.gov/LATEST/webapp/#/pages/explorer/crime/crime-trend,"FBI Crime Data Explorer, NIBRS offense 11A (Rape), state victim demographics, 2023",2026-10-02
PA,Male,166,https://cde.ucr.cjis.gov/LATEST/webapp/#/pages/explorer/crime/crime-trend,"FBI Crime Data Explorer, NIBRS offense 11A (Rape), state victim demographics, 2023",2026-10-02
PA,Female,1763,https://cde.ucr.cjis.gov/LATEST/webapp/#/pages/explorer/crime/crime-trend,"FBI Crime Data Explorer, NIBRS offense 11A (Rape), state victim demographics, 2023",2026-10-02
PA,Unknown/Not Specified,0,https://cde.ucr.cjis.gov/LATEST/webapp/#/pages/explorer/crime/crime-trend,"FBI Crime Data Explorer, NIBRS offense 11A (Rape), state victim demographics, 2023",2026-10-02
RI,Male,14,https://cde.ucr.cjis.gov/LATEST/webapp/#/pages/explorer/crime/crime-trend,"FBI Crime Data Explorer, NIBRS offense 11A (Rape), state victim demographics, 2023",2026-10-02
RI,Female,317,https://cde.ucr.cjis.gov/LATEST/webapp/#/pages/explorer/crime/crime-trend,"FBI Crime Data Explorer, NIBRS offense 11A (Rape), state victim demographics, 2023",2026-10-02
RI,Unknown/Not Specified,0,https://cde.ucr.cjis.gov/LATEST/webapp/#/pages/explorer/crime/crime-trend,"FBI Crime Data Explorer, NIBRS offense 11A (Rape), state victim demographics, 2023",2026-10-02
SC,Male,24,https://cde.ucr.cjis.gov/LATEST/webapp/#/pages/explorer/crime/crime-trend,"FBI Crime Data Explorer, NIBRS offense 11A (Rape), state victim demographics, 2023",2026-10-02
SC,Female,1595,https://cde.ucr.cjis.gov/LATEST/webapp/#/pages/explorer/crime/crime-trend,"FBI Crime Data Explorer, NIBRS offense 11A (Rape), state victim demographics, 2023",2026-10-02
SC,Unknown/Not Specified,0,https://cde.ucr.cjis.gov/LATEST/webapp/#/pages/explorer/crime/crime-trend,"FBI Crime Data Explorer, NIBRS offense 11A (Rape), state victim demographics, 2023",2026-10-02
SD,Male,13,https://cde.ucr.cjis.gov/LATEST/webapp/#/pages/explorer/crime/crime-trend,"FBI Crime Data Explorer, NIBRS offense 11A (Rape), state victim demographics, 2023",2026-10-02
SD,Female,388,https://cde.ucr.cjis.gov/LATEST/webapp/#/pages/explorer/crime/crime-trend,"FBI Crime Data Explorer, NIBRS offense 11A (Rape), state victim demographics, 2023",2026-10-02
SD,Unknown/Not Specified,0,https://cde.ucr.cjis.gov/LATEST/webapp/#/pages/explorer/crime/crime-trend,"FBI Crime Data Explorer, NIBRS offense 11A (Rape), state victim demographics, 2023",2026-10-02
TN,Male,52,https://cde.ucr.cjis.gov/LATEST/webapp/#/pages/explorer/crime/crime-trend,"FBI Crime Data Explorer, NIBRS offense 11A (Rape), state victim demographics, 2023",2026-10-02
TN,Female,2261,https://cde.ucr.cjis.gov/LATEST/webapp/#/pages/explorer/crime/crime-trend,"FBI Crime Data Explorer, NIBRS offense 11A (Rape), state victim demographics, 2023",2026-10-02
TN,Unknown/Not Specified,0,https://cde.ucr.cjis.gov/LATEST/webapp/#/pages/explorer/crime/crime-trend,"FBI Crime Data Explorer, NIBRS offense 11A (Rape), state victim demographics, 2023",2026-10-02
TX,Male,320,https://cde.ucr.cjis.gov/LATEST/webapp/#/pages/explorer/crime/crime-trend,"FBI Crime Data Explorer, NIBRS offense 11A (Rape), state victim demographics, 2023",2026-10-02
TX,Female,11634,https://cde.ucr.cjis.gov/LATEST/webapp/#/pages/explorer/crime/crime-trend,"FBI Crime Data Explorer, NIBRS offense 11A (Rape), state victim demographics, 2023",2026-10-02
TX,Unknown/Not Specified,0,https://cde.ucr.cjis.gov/LATEST/webapp/#/pages/explorer/crime/crime-trend,"FBI Crime Data Explorer, NIBRS offense 11A (Rape), state victim demographics, 2023",2026-10-02
UT,Male,46,https://cde.ucr.cjis.gov/LATEST/webapp/#/pages/explorer/crime/crime-trend,"FBI Crime Data Explorer, NIBRS offense 11A (Rape), state victim demographics, 2023",2026-10-02
UT,Female,1542,https://cde.ucr.cjis.gov/LATEST/webapp/#/pages/explorer/crime/crime-trend,"FBI Crime Data Explorer, NIBRS offense 11A (Rape), state victim demographics, 2023",2026-10-02
UT,Unknown/Not Specified,0,https://cde.ucr.cjis.gov/LATEST/webapp/#/pages/explorer/crime/crime-trend,"FBI Crime Data Explorer, NIBRS offense 11A (Rape), state victim demographics, 2023",2026-10-02
VT,Male,11,https://cde.ucr.cjis.gov/LATEST/webapp/#/pages/explorer/crime/crime-trend,"FBI Crime Data Explorer, NIBRS offense 11A (Rape), state victim demographics, 2023",2026-10-02
VT,Female,205,https://cde.ucr.cjis.gov/LATEST/webapp/#/pages/explorer/crime/crime-trend,"FBI Crime Data Explorer, NIBRS offense 11A (Rape), state victim demographics, 2023",2026-10-02
VT,Unknown/Not Specified,0,https://cde.ucr.cjis.gov/LATEST/webapp/#/pages/explorer/crime/crime-trend,"FBI Crime Data Explorer, NIBRS offense 11A (Rape), state victim demographics, 2023",2026-10-02
VA,Male,42,https://cde.ucr.cjis.gov/LATEST/webapp/#/pages/explorer/crime/crime-trend,"FBI Crime Data Explorer, NIBRS offense 11A (Rape), state victim demographics, 2023",2026-10-02
VA,Female,1833,https://cde.ucr.cjis.gov/LATEST/webapp/#/pages/explorer/crime/crime-trend,"FBI Crime Data Explorer, NIBRS offense 11A (Rape), state victim demographics, 2023",2026-10-02
VA,Unknown/Not Specified,0,https://cde.ucr.cjis.gov/LATEST/webapp/#/pages/explorer/crime/crime-trend,"FBI Crime Data Explorer, NIBRS offense 11A (Rape), state victim demographics, 2023",2026-10-02
WA,Male,142,https://cde.ucr.cjis.gov/LATEST/webapp/#/pages/explorer/crime/crime-trend,"FBI Crime Data Explorer, NIBRS offense 11A (Rape), state victim demographics, 2023",2026-10-02
WA,Female,2581,https://cde.ucr.cjis.gov/LATEST/webapp/#/pages/explorer/crime/crime-trend,"FBI Crime Data Explorer, NIBRS offense 11A (Rape), state victim demographics, 2023",2026-10-02
WA,Unknown/Not Specified,0,https://cde.ucr.cjis.gov/LATEST/webapp/#/pages/explorer/crime/crime-trend,"FBI Crime Data Explorer, NIBRS offense 11A (Rape), state victim demographics, 2023",2026-10-02
WV,Male,55,https://cde.ucr.cjis.gov/LATEST/webapp/#/pages/explorer/crime/crime-trend,"FBI Crime Data Explorer, NIBRS offense 11A (Rape), state victim demographics, 2023",2026-10-02
WV,Female,690,https://cde.ucr.cjis.gov/LATEST/webapp/#/pages/explorer/crime/crime-trend,"FBI Crime Data Explorer, NIBRS offense 11A (Rape), state victim demographics, 2023",2026-10-02
WV,Unknown/Not Specified,0,https://cde.ucr.cjis.gov/LATEST/webapp/#/pages/explorer/crime/crime-trend,"FBI Crime Data Explorer, NIBRS offense 11A (Rape), state victim demographics, 2023",2026-10-02
WI,Male,93,https://cde.ucr.cjis.gov/LATEST/webapp/#/pages/explorer/crime/crime-trend,"FBI Crime Data Explorer, NIBRS offense 11A (Rape), state victim demographics, 2023",2026-10-02
WI,Female,1714,https://cde.ucr.cjis.gov/LATEST/webapp/#/pages/explorer/crime/crime-trend,"FBI Crime Data Explorer, NIBRS offense 11A (Rape), state victim demographics, 2023",2026-10-02
WI,Unknown/Not Specified,0,https://cde.ucr.cjis.gov/LATEST/webapp/#/pages/explorer/crime/crime-trend,"FBI Crime Data Explorer, NIBRS offense 11A (Rape), state victim demographics, 2023",2026-10-02
WY,Male,13,https://cde.ucr.cjis.gov/LATEST/webapp/#/pages/explorer/crime/crime-trend,"FBI Crime Data Explorer, NIBRS offense 11A (Rape), state victim demographics, 2023",2026-10-02
WY,Female,244,https://cde.ucr.cjis.gov/LATEST/webapp/#/pages/explorer/crime/crime-trend,"FBI Crime Data Explorer, NIBRS offense 11A (Rape), state victim demographics, 2023",2026-10-02
WY,Unknown/Not Specified,0,https://cde.ucr.cjis.gov/LATEST/webapp/#/pages/explorer/crime/crime-trend,"FBI Crime Data Explorer, NIBRS offense 11A (Rape), state victim demographics, 2023",2026-10-02
