state_abbr,age_group,victim_count_2023,source_url,source_name,pulled_date
AL,0-9,60,https://cde.ucr.cjis.gov/LATEST/webapp/#/pages/explorer/crime/crime-trend,"FBI Crime Data Explorer, NIBRS offense 11A (Rape), state victim demographics, 2023",2026-10-02
AL,10-19,468,https://cde.ucr.cjis.gov/LATEST/webapp/#/pages/explorer/crime/crime-trend,"FBI Crime Data Explorer, NIBRS offense 11A (Rape), state victim demographics, 2023",2026-10-02
AL,20-29,280,https://cde.ucr.cjis.gov/LATEST/webapp/#/pages/explorer/crime/crime-trend,"FBI Crime Data Explorer, NIBRS offense 11A (Rape), state victim demographics, 2023",2026-10-02
AL,30-39,162,https://cde.ucr.cjis.gov/LATEST/webapp/#/pages/explorer/crime/crime-trend,"FBI Crime Data Explorer, NIBRS offense 11A (Rape), state victim demographics, 2023",2026-10-02
AL,40-49,82,https://cde.ucr.cjis.gov/LATEST/webapp/#/pages/explorer/crime/crime-trend,"FBI Crime Data Explorer, NIBRS offense 11A (Rape), state victim demographics, 2023",2026-10-02
AL,50+,67,https://cde.ucr.cjis.gov/LATEST/webapp/#/pages/explorer/crime/crime-trend,"FBI Crime Data Explorer, NIBRS offense 11A (Rape), state victim demographics, 2023",2026-10-02
AL,Unknown,10,https://cde.ucr.cjis.gov/LATEST/webapp/#/pages/explorer/crime/crime-trend,"FBI Crime Data Explorer, NIBRS offense 11A (Rape), state victim demographics, 2023",2026-10-02
AK,0-9,18,https://cde.ucr.cjis.gov/LATEST/webapp/#/pages/explorer/crime/crime-trend,"FBI Crime Data Explorer, NIBRS offense 11A (Rape), state victim demographics, 2023",2026-10-02
AK,10-19,157,https://cde.ucr.cjis.gov/LATEST/webapp/#/pages/explorer/crime/crime-trend,"FBI Crime Data Explorer, NIBRS offense 11A (Rape), state victim demographics, 2023",2026-10-02
AK,20-29,81,https://cde.ucr.cjis.gov/LATEST/webapp/#/pages/explorer/crime/crime-trend,"FBI Crime Data Explorer, NIBRS offense 11A (Rape), state victim demographics, 2023",2026-10-02
AK,30-39,43,https://cde.ucr.cjis.gov/LATEST/webapp/#/pages/explorer/crime/crime-trend,"FBI Crime Data Explorer, NIBRS offense 11A (Rape), state victim demographics, 2023",2026-10-02
AK,40-49,18,https://cde.ucr.cjis.gov/LATEST/webapp/#/pages/explorer/crime/crime-trend,"FBI Crime Data Explorer, NIBRS offense 11A (Rape), state victim demographics, 2023",2026-10-02
AK,50+,15,https://cde.ucr.cjis.gov/LATEST/webapp/#/pages/explorer/crime/crime-trend,"FBI Crime Data Explorer, NIBRS offense 11A (Rape), state victim demographics, 2023",2026-10-02
AK,Unknown,1,https://cde.ucr.cjis.gov/LATEST/webapp/#/pages/explorer/crime/crime-trend,"FBI Crime Data Explorer, NIBRS offense 11A (Rape), state victim demographics, 2023",2026-10-02
AZ,0-9,69,https://cde.ucr.cjis.gov/LATEST/webapp/#/pages/explorer/crime/crime-trend,"FBI Crime Data Explorer, NIBRS offense 11A (Rape), state victim demographics, 2023",2026-10-02
AZ,10-19,542,https://cde.ucr.cjis.gov/LATEST/webapp/#/pages/explorer/crime/crime-trend,"FBI Crime Data Explorer, NIBRS offense 11A (Rape), state victim demographics, 2023",2026-10-02
AZ,20-29,320,https://cde.ucr.cjis.gov/LATEST/webapp/#/pages/explorer/crime/crime-trend,"FBI Crime Data Explorer, NIBRS offense 11A (Rape), state victim demographics, 2023",2026-10-02
AZ,30-39,213,https://cde.ucr.cjis.gov/LATEST/webapp/#/pages/explorer/crime/crime-trend,"FBI Crime Data Explorer, NIBRS offense 11A (Rape), state victim demographics, 2023",2026-10-02
AZ,40-49,137,https://cde.ucr.cjis.gov/LATEST/webapp/#/pages/explorer/crime/crime-trend,"FBI Crime Data Explorer, NIBRS offense 11A (Rape), state victim demographics, 2023",2026-10-02
AZ,50+,91,https://cde.ucr.cjis.gov/LATEST/webapp/#/pages/explorer/crime/crime-trend,"FBI Crime Data Explorer, NIBRS offense 11A (Rape), state victim demographics, 2023",2026-10-02
AZ,Unknown,9,https://cde.ucr.cjis.gov/LATEST/webapp/#/pages/explorer/crime/crime-trend,"FBI Crime Data Explorer, NIBRS offense 11A (Rape), state victim demographics, 2023",2026-10-02
AR,0-9,186,https://cde.ucr.cjis.gov/LATEST/webapp/#/pages/explorer/crime/crime-trend,"FBI Crime Data Explorer, NIBRS offense 11A (Rape), state victim demographics, 2023",2026-10-02
AR,10-19,715,https://cde.ucr.cjis.gov/LATEST/webapp/#/pages/explorer/crime/crime-trend,"FBI Crime Data Explorer, NIBRS offense 11A (Rape), state victim demographics, 2023",2026-10-02
AR,20-29,282,https://cde.ucr.cjis.gov/LATEST/webapp/#/pages/explorer/crime/crime-trend,"FBI Crime Data Explorer, NIBRS offense 11A (Rape), state victim demographics, 2023",2026-10-02
AR,30-39,190,https://cde.ucr.cjis.gov/LATEST/webapp/#/pages/explorer/crime/crime-trend,"FBI Crime Data Explorer, NIBRS offense 11A (Rape), state victim demographics, 2023",2026-10-02
AR,40-49,121,https://cde.ucr.cjis.gov/LATEST/webapp/#/pages/explorer/crime/crime-trend,"FBI Crime Data Explorer, NIBRS offense 11A (Rape), state victim demographics, 2023",2026-10-02
AR,50+,79,https://cde.ucr.cjis.gov/LATEST/webapp/#/pages/explorer/crime/crime-trend,"FBI Crime Data Explorer, NIBRS offense 11A (Rape), state victim demographics, 2023",2026-10-02
AR,Unknown,24,https://cde.ucr.cjis.gov/LATEST/webapp/#/pages/explorer/crime/crime-trend,"FBI Crime Data Explorer, NIBRS offense 11A (Rape), state victim demographics, 2023",2026-10-02
CA,0-9,466,https://cde.ucr.cjis.gov/LATEST/webapp/#/pages/explorer/crime/crime-trend,"FBI Crime Data Explorer, NIBRS offense 11A (Rape), state victim demographics, 2023",2026-10-02
CA,10-19,2422,https://cde.ucr.cjis.gov/LATEST/webapp/#/pages/explorer/crime/crime-trend,"FBI Crime Data Explorer, NIBRS offense 11A (Rape), state victim demographics, 2023",2026-10-02
CA,20-29,1587,https://cde.ucr.cjis.gov/LATEST/webapp/#/pages/explorer/crime/crime-trend,"FBI Crime Data Explorer, NIBRS offense 11A (Rape), state victim demographics, 2023",2026-10-02
CA,30-39,1067,https://cde.ucr.cjis.gov/LATEST/webapp/#/pages/explorer/crime/crime-trend,"FBI Crime Data Explorer, NIBRS offense 11A (Rape), state victim demographics, 2023",2026-10-02
CA,40-49,639,https://cde.ucr.cjis.gov/LATEST/webapp/#/pages/explorer/crime/crime-trend,"FBI Crime Data Explorer, NIBRS offense 11A (Rape), state victim demographics, 2023",2026-10-02
CA,50+,433,https://cde.ucr.cjis.gov/LATEST/webapp/#/pages/explorer/crime/crime-trend,"FBI Crime Data Explorer, NIBRS offense 11A (Rape), state victim demographics, 2023",2026-10-02
CA,Unknown,42,https://cde.ucr.cjis.gov/LATEST/webapp/#/pages/explorer/crime/crime-trend,"FBI Crime Data Explorer, NIBRS offense 11A (Rape), state victim demographics, 2023",2026-10-02
CO,0-9,187,https://cde.ucr.cjis.gov/LATEST/webapp/#/pages/explorer/crime/crime-trend,"FBI Crime Data Explorer, NIBRS offense 11A (Rape), state victim demographics, 2023",2026-10-02
CO,10-19,1030,https://cde.ucr.cjis.gov/LATEST/webapp/#/pages/explorer/crime/crime-trend,"FBI Crime Data Explorer, NIBRS offense 11A (Rape), state victim demographics, 2023",2026-10-02
CO,20-29,572,https://cde.ucr.cjis.gov/LATEST/webapp/#/pages/explorer/crime/crime-trend,"FBI Crime Data Explorer, NIBRS offense 11A (Rape), state victim demographics, 2023",2026-10-02
CO,30-39,442,https://cde.ucr.cjis.gov/LATEST/webapp/#/pages/explorer/crime/crime-trend,"FBI Crime Data Explorer, NIBRS offense 11A (Rape), state victim demographics, 2023",2026-10-02
CO,40-49,214,https://cde.ucr.cjis.gov/LATEST/webapp/#/pages/explorer/crime/crime-trend,"FBI Crime Data Explorer, NIBRS offense 11A (Rape), state victim demographics, 2023",2026-10-02
CO,50+,133,https://cde.ucr.cjis.gov/LATEST/webapp/#/pages/explorer/crime/crime-trend,"FBI Crime Data Explorer, NIBRS offense 11A (Rape), state victim demographics, 2023",2026-10-02
CO,Unknown,19,https://cde.ucr.cjis.gov/LATEST/webapp/#/pages/explorer/crime/crime-trend,"FBI Crime Data Explorer, NIBRS offense 11A (Rape), state victim demographics, 2023",2026-10-02
CT,0-9,27,https://cde.ucr.cjis.gov/LATEST/webapp/#/pages/explorer/crime/crime-trend,"FBI Crime Data Explorer, NIBRS offense 11A (Rape), state victim demographics, 2023",2026-10-02
CT,10-19,292,https://cde.ucr.cjis.gov/LATEST/webapp/#/pages/explorer/crime/crime-trend,"FBI Crime Data Explorer, NIBRS offense 11A (Rape), state victim demographics, 2023",2026-10-02
CT,20-29,145,https://cde.ucr.cjis.gov/LATEST/webapp/#/pages/explorer/crime/crime-trend,"FBI Crime Data Explorer, NIBRS offense 11A (Rape), state victim demographics, 2023",2026-10-02
CT,30-39,92,https://cde.ucr.cjis.gov/LATEST/webapp/#/pages/explorer/crime/crime-trend,"FBI Crime Data Explorer, NIBRS offense 11A (Rape), state victim demographics, 2023",2026-10-02
CT,40-49,49,https://cde.ucr.cjis.gov/LATEST/webapp/#/pages/explorer/crime/crime-trend,"FBI Crime Data Explorer, NIBRS offense 11A (Rape), state victim demographics, 2023",2026-10-02
CT,50+,30,https://cde.ucr.cjis.gov/LATEST/webapp/#/pages/explorer/crime/crime-trend,"FBI Crime Data Explorer, NIBRS offense 11A (Rape), state victim demographics, 2023",2026-10-02
CT,Unknown,4,https://cde.ucr.cjis.gov/LATEST/webapp/#/pages/explorer/crime/crime-trend,"FBI Crime Data Explorer, NIBRS offense 11A (Rape), state victim demographics, 2023",2026-10-02
DE,0-9,2,https://cde.ucr.cjis.gov/LATEST/webapp/#/pages/explorer/crime/crime-trend,"FBI Crime Data Explorer, NIBRS offense 11A (Rape), state victim demographics, 2023",2026-10-02
DE,10-19,91,https://cde.ucr.cjis.gov/LATEST/webapp/#/pages/explorer/crime/crime-trend,"FBI Crime Data Explorer, NIBRS offense 11A (Rape), state victim demographics, 2023",2026-10-02
DE,20-29,32,https://cde.ucr.cjis.gov/LATEST/webapp/#/pages/explorer/crime/crime-trend,"FBI Crime Data Explorer, NIBRS offense 11A (Rape), state victim demographics, 2023",2026-10-02
DE,30-39,21,https://cde.ucr.cjis.gov/LATEST/webapp/#/pages/explorer/crime/crime-trend,"FBI Crime Data Explorer, NIBRS offense 11A (Rape), state victim demographics, 2023",2026-10-02
DE,40-49,14,https://cde.ucr.cjis.gov/LATEST/webapp/#/pages/explorer/crime/crime-trend,"FBI Crime Data Explorer, NIBRS offense 11A (Rape), state victim demographics, 2023",2026-10-02
DE,50+,12,https://cde.ucr.cjis.gov/LATEST/webapp/#/pages/explorer/crime/crime-trend,"FBI Crime Data Explorer, NIBRS offense 11A (Rape), state victim demographics, 2023",2026-10-02
DE,Unknown,0,https://cde.ucr.cjis.gov/LATEST/webapp/#/pages/explorer/crime/crime-trend,"FBI Crime Data Explorer, NIBRS offense 11A (Rape), state victim demographics, 2023",2026-10-02
DC,0-9,4,https://cde.ucr.cjis.gov/LATEST/webapp/#/pages/explorer/crime/crime-trend,"FBI Crime Data Explorer, NIBRS offense 11A (Rape), state victim demographics, 2023",2026-10-02
DC,10-19,45,https://cde.ucr.cjis.gov/LATEST/webapp/#/pages/explorer/crime/crime-trend,"FBI Crime Data Explorer, NIBRS offense 11A (Rape), state victim demographics, 2023",2026-10-02
DC,20-29,53,https://cde.ucr.cjis.gov/LATEST/webapp/#/pages/explorer/crime/crime-trend,"FBI Crime Data Explorer, NIBRS offense 11A (Rape), state victim demographics, 2023",2026-10-02
DC,30-39,48,https://cde.ucr.cjis.gov/LATEST/webapp/#/pages/explorer/crime/crime-trend,"FBI Crime Data Explorer, NIBRS offense 11A (Rape), state victim demographics, 2023",2026-10-02
DC,40-49,25,https://cde.ucr.cjis.gov/LATEST/webapp/#/pages/explorer/crime/crime-trend,"FBI Crime Data Explorer, NIBRS offense 11A (Rape), state victim demographics, 2023",2026-10-02
DC,50+,45,https://cde.ucr.cjis.gov/LATEST/webapp/#/pages/explorer/crime/crime-trend,"FBI Crime Data Explorer, NIBRS offense 11A (Rape), state victim demographics, 2023",2026-10-02
DC,Unknown,1,https://cde.ucr.cjis.gov/LATEST/webapp/#/pages/explorer/crime/crime-trend,"FBI Crime Data Explorer, NIBRS offense 11A (Rape), state victim demographics, 2023",2026-10-02
FL,0-9,231,https://cde.ucr.cjis.gov/LATEST/webapp/#/pages/explorer/crime/crime-trend,"FBI Crime Data Explorer, NIBRS offense 11A (Rape), state victim demographics, 2023",2026-10-02
FL,10-19,1399,https://cde.ucr.cjis.gov/LATEST/webapp/#/pages/explorer/crime/crime-trend,"FBI Crime Data Explorer, NIBRS offense 11A (Rape), state victim demographics, 2023",2026-10-02
FL,20-29,757,https://cde.ucr.cjis.gov/LATEST/webapp/#/pages/explorer/crime/crime-trend,"FBI Crime Data Explorer, NIBRS offense 11A (Rape), state victim demographics, 2023",2026-10-02
FL,30-39,508,https://cde.ucr.cjis.gov/LATEST/webapp/#/pages/explorer/crime/crime-trend,"FBI Crime Data Explorer, NIBRS offense 11A (Rape), state victim demographics, 2023",2026-10-02
FL,40-49,306,https://cde.ucr.cjis.gov/LATEST/webapp/#/pages/explorer/crime/crime-trend,"FBI Crime Data Explorer, NIBRS offense 11A (Rape), state victim demographics, 2023",2026-10-02
FL,50+,214,https://cde.ucr.cjis.gov/LATEST/webapp/#/pages/explorer/crime/crime-trend,"FBI Crime Data Explorer, NIBRS offense 11A (Rape), state victim demographics, 2023",2026-10-02
FL,Unknown,17,https://cde.ucr.cjis.gov/LATEST/webapp/#/pages/explorer/crime/crime-trend,"FBI Crime Data Explorer, NIBRS offense 11A (Rape), state victim demographics, 2023",2026-10-02
GA,0-9,53,https://cde.ucr.cjis.gov/LATEST/webapp/#/pages/explorer/crime/crime-trend,"FBI Crime Data Explorer, NIBRS offense 11A (Rape), state victim demographics, 2023",2026-10-02
GA,10-19,701,https://cde.ucr.cjis.gov/LATEST/webapp/#/pages/explorer/crime/crime-trend,"FBI Crime Data Explorer, NIBRS offense 11A (Rape), state victim demographics, 2023",2026-10-02
GA,20-29,581,https://cde.ucr.cjis.gov/LATEST/webapp/#/pages/explorer/crime/crime-trend,"FBI Crime Data Explorer, NIBRS offense 11A (Rape), state victim demographics, 2023",2026-10-02
GA,30-39,327,https://cde.ucr.cjis.gov/LATEST/webapp/#/pages/explorer/crime/crime-trend,"FBI Crime Data Explorer, NIBRS offense 11A (Rape), state victim demographics, 2023",2026-10-02
GA,40-49,182,https://cde.ucr.cjis.gov/LATEST/webapp/#/pages/explorer/crime/crime-trend,"FBI Crime Data Explorer, NIBRS offense 11A (Rape), state victim demographics, 2023",2026-10-02
GA,50+,151,https://cde.ucr.cjis.gov/LATEST/webapp/#/pages/explorer/crime/crime-trend,"FBI Crime Data Explorer, NIBRS offense 11A (Rape), state victim demographics, 2023",2026-10-02
GA,Unknown,14,https://cde.ucr.cjis.gov/LATEST/webapp/#/pages/explorer/crime/crime-trend,"FBI Crime Data Explorer, NIBRS offense 11A (Rape), state victim demographics, 2023",2026-10-02
HI,0-9,45,https://cde.ucr.cjis.gov/LATEST/webapp/#/pages/explorer/crime/crime-trend,"FBI Crime Data Explorer, NIBRS offense 11A (Rape), state victim demographics, 2023",2026-10-02
HI,10-19,201,https://cde.ucr.cjis.gov/LATEST/webapp/#/pages/explorer/crime/crime-trend,"FBI Crime Data Explorer, NIBRS offense 11A (Rape), state victim demographics, 2023",2026-10-02
HI,20-29,114,https://cde.ucr.cjis.gov/LATEST/webapp/#/pages/explorer/crime/crime-trend,"FBI Crime Data Explorer, NIBRS offense 11A (Rape), state victim demographics, 2023",2026-10-02
HI,30-39,76,https://cde.ucr.cjis.gov/LATEST/webapp/#/pages/explorer/crime/crime-trend,"FBI Crime Data Explorer, NIBRS offense 11A (Rape), state victim demographics, 2023",2026-10-02
HI,40-49,68,https://cde.ucr.cjis.gov/LATEST/webapp/#/pages/explorer/crime/crime-trend,"FBI Crime Data Explorer, NIBRS offense 11A (Rape), state victim demographics, 2023",2026-10-02
HI,50+,45,https://cde.ucr.cjis.gov/LATEST/webapp/#/pages/explorer/crime/crime-trend,"FBI Crime Data Explorer, NIBRS offense 11A (Rape), state victim demographics, 2023",2026-10-02
HI,Unknown,3,https://cde.ucr.cjis.gov/LATEST/webapp/#/pages/explorer/crime/crime-trend,"FBI Crime Data Explorer, NIBRS offense 11A (Rape), state victim demographics, 2023",2026-10-02
ID,0-9,22,https://cde.ucr.cjis.gov/LATEST/webapp/#/pages/explorer/crime/crime-trend,"FBI Crime Data Explorer, NIBRS offense 11A (Rape), state victim demographics, 2023",2026-10-02
ID,10-19,326,https://cde.ucr.cjis.gov/LATEST/webapp/#/pages/explorer/crime/crime-trend,"FBI Crime Data Explorer, NIBRS offense 11A (Rape), state victim demographics, 2023",2026-10-02
ID,20-29,168,https://cde.ucr.cjis.gov/LATEST/webapp/#/pages/explorer/crime/crime-trend,"FBI Crime Data Explorer, NIBRS offense 11A (Rape), state victim demographics, 2023",2026-10-02
ID,30-39,82,https://cde.ucr.cjis.gov/LATEST/webapp/#/pages/explorer/crime/crime-trend,"FBI Crime Data Explorer, NIBRS offense 11A (Rape), state victim demographics, 2023",2026-10-02
ID,40-49,51,https://cde.ucr.cjis.gov/LATEST/webapp/#/pages/explorer/crime/crime-trend,"FBI Crime Data Explorer, NIBRS offense 11A (Rape), state victim demographics, 2023",2026-10-02
ID,50+,28,https://cde.ucr.cjis.gov/LATEST/webapp/#/pages/explorer/crime/crime-trend,"FBI Crime Data Explorer, NIBRS offense 11A (Rape), state victim demographics, 2023",2026-10-02
ID,Unknown,1,https://cde.ucr.cjis.gov/LATEST/webapp/#/pages/explorer/crime/crime-trend,"FBI Crime Data Explorer, NIBRS offense 11A (Rape), state victim demographics, 2023",2026-10-02
IL,0-9,427,https://cde.ucr.cjis.gov/LATEST/webapp/#/pages/explorer/crime/crime-trend,"FBI Crime Data Explorer, NIBRS offense 11A (Rape), state victim demographics, 2023",2026-10-02
IL,10-19,1690,https://cde.ucr.cjis.gov/LATEST/webapp/#/pages/explorer/crime/crime-trend,"FBI Crime Data Explorer, NIBRS offense 11A (Rape), state victim demographics, 2023",2026-10-02
IL,20-29,1181,https://cde.ucr.cjis.gov/LATEST/webapp/#/pages/explorer/crime/crime-trend,"FBI Crime Data Explorer, NIBRS offense 11A (Rape), state victim demographics, 2023",2026-10-02
IL,30-39,667,https://cde.ucr.cjis.gov/LATEST/webapp/#/pages/explorer/crime/crime-trend,"FBI Crime Data Explorer, NIBRS offense 11A (Rape), state victim demographics, 2023",2026-10-02
IL,40-49,432,https://cde.ucr.cjis.gov/LATEST/webapp/#/pages/explorer/crime/crime-trend,"FBI Crime Data Explorer, NIBRS offense 11A (Rape), state victim demographics, 2023",2026-10-02
IL,50+,348,https://cde.ucr.cjis.gov/LATEST/webapp/#/pages/explorer/crime/crime-trend,"FBI Crime Data Explorer, NIBRS offense 11A (Rape), state victim demographics, 2023",2026-10-02
IL,Unknown,97,https://cde.ucr.cjis.gov/LATEST/webapp/#/pages/explorer/crime/crime-trend,"FBI Crime Data Explorer, NIBRS offense 11A (Rape), state victim demographics, 2023",2026-10-02
IN,0-9,105,https://cde.ucr.cjis.gov/LATEST/webapp/#/pages/explorer/crime/crime-trend,"FBI Crime Data Explorer, NIBRS offense 11A (Rape), state victim demographics, 2023",2026-10-02
IN,10-19,695,https://cde.ucr.cjis.gov/LATEST/webapp/#/pages/explorer/crime/crime-trend,"FBI Crime Data Explorer, NIBRS offense 11A (Rape), state victim demographics, 2023",2026-10-02
IN,20-29,372,https://cde.ucr.cjis.gov/LATEST/webapp/#/pages/explorer/crime/crime-trend,"FBI Crime Data Explorer, NIBRS offense 11A (Rape), state victim demographics, 2023",2026-10-02
IN,30-39,251,https://cde.ucr.cjis.gov/LATEST/webapp/#/pages/explorer/crime/crime-trend,"FBI Crime Data Explorer, NIBRS offense 11A (Rape), state victim demographics, 2023",2026-10-02
IN,40-49,166,https://cde.ucr.cjis.gov/LATEST/webapp/#/pages/explorer/crime/crime-trend,"FBI Crime Data Explorer, NIBRS offense 11A (Rape), state victim demographics, 2023",2026-10-02
IN,50+,93,https://cde.ucr.cjis.gov/LATEST/webapp/#/pages/explorer/crime/crime-trend,"FBI Crime Data Explorer, NIBRS offense 11A (Rape), state victim demographics, 2023",2026-10-02
IN,Unknown,14,https://cde.ucr.cjis.gov/LATEST/webapp/#/pages/explorer/crime/crime-trend,"FBI Crime Data Explorer, NIBRS offense 11A (Rape), state victim demographics, 2023",2026-10-02
IA,0-9,87,https://cde.ucr.cjis.gov/LATEST/webapp/#/pages/explorer/crime/crime-trend,"FBI Crime Data Explorer, NIBRS offense 11A (Rape), state victim demographics, 2023",2026-10-02
IA,10-19,489,https://cde.ucr.cjis.gov/LATEST/webapp/#/pages/explorer/crime/crime-trend,"FBI Crime Data Explorer, NIBRS offense 11A (Rape), state victim demographics, 2023",2026-10-02
IA,20-29,243,https://cde.ucr.cjis.gov/LATEST/webapp/#/pages/explorer/crime/crime-trend,"FBI Crime Data Explorer, NIBRS offense 11A (Rape), state victim demographics, 2023",2026-10-02
IA,30-39,111,https://cde.ucr.cjis.gov/LATEST/webapp/#/pages/explorer/crime/crime-trend,"FBI Crime Data Explorer, NIBRS offense 11A (Rape), state victim demographics, 2023",2026-10-02
IA,40-49,52,https://cde.ucr.cjis.gov/LATEST/webapp/#/pages/explorer/crime/crime-trend,"FBI Crime Data Explorer, NIBRS offense 11A (Rape), state victim demographics, 2023",2026-10-02
IA,50+,56,https://cde.ucr.cjis.gov/LATEST/webapp/#/pages/explorer/crime/crime-trend,"FBI Crime Data Explorer, NIBRS offense 11A (Rape), state victim demographics, 2023",2026-10-02
IA,Unknown,1,https://cde.ucr.cjis.gov/LATEST/webapp/#/pages/explorer/crime/crime-trend,"FBI Crime Data Explorer, NIBRS offense 11A (Rape), state victim demographics, 2023",2026-10-02
KS,0-9,65,https://cde.ucr.cjis.gov/LATEST/webapp/#/pages/explorer/crime/crime-trend,"FBI Crime Data Explorer, NIBRS offense 11A (Rape), state victim demographics, 2023",2026-10-02
KS,10-19,482,https://cde.ucr.cjis.gov/LATEST/webapp/#/pages/explorer/crime/crime-trend,"FBI Crime Data Explorer, NIBRS offense 11A (Rape), state victim demographics, 2023",2026-10-02
KS,20-29,246,https://cde.ucr.cjis.gov/LATEST/webapp/#/pages/explorer/crime/crime-trend,"FBI Crime Data Explorer, NIBRS offense 11A (Rape), state victim demographics, 2023",2026-10-02
KS,30-39,160,https://cde.ucr.cjis.gov/LATEST/webapp/#/pages/explorer/crime/crime-trend,"FBI Crime Data Explorer, NIBRS offense 11A (Rape), state victim demographics, 2023",2026-10-02
KS,40-49,76,https://cde.ucr.cjis.gov/LATEST/webapp/#/pages/explorer/crime/crime-trend,"FBI Crime Data Explorer, NIBRS offense 11A (Rape), state victim demographics, 2023",2026-10-02
KS,50+,52,https://cde.ucr.cjis.gov/LATEST/webapp/#/pages/explorer/crime/crime-trend,"FBI Crime Data Explorer, NIBRS offense 11A (Rape), state victim demographics, 2023",2026-10-02
KS,Unknown,7,https://cde.ucr.cjis.gov/LATEST/webapp/#/pages/explorer/crime/crime-trend,"FBI Crime Data Explorer, NIBRS offense 11A (Rape), state victim demographics, 2023",2026-10-02
KY,0-9,92,https://cde.ucr.cjis.gov/LATEST/webapp/#/pages/explorer/crime/crime-trend,"FBI Crime Data Explorer, NIBRS offense 11A (Rape), state victim demographics, 2023",2026-10-02
KY,10-19,511,https://cde.ucr.cjis.gov/LATEST/webapp/#/pages/explorer/crime/crime-trend,"FBI Crime Data Explorer, NIBRS offense 11A (Rape), state victim demographics, 2023",2026-10-02
KY,20-29,269,https://cde.ucr.cjis.gov/LATEST/webapp/#/pages/explorer/crime/crime-trend,"FBI Crime Data Explorer, NIBRS offense 11A (Rape), state victim demographics, 2023",2026-10-02
KY,30-39,193,https://cde.ucr.cjis.gov/LATEST/webapp/#/pages/explorer/crime/crime-trend,"FBI Crime Data Explorer, NIBRS offense 11A (Rape), state victim demographics, 2023",2026-10-02
KY,40-49,116,https://cde.ucr.cjis.gov/LATEST/webapp/#/pages/explorer/crime/crime-trend,"FBI Crime Data Explorer, NIBRS offense 11A (Rape), state victim demographics, 2023",2026-10-02
KY,50+,67,https://cde.ucr.cjis.gov/LATEST/webapp/#/pages/explorer/crime/crime-trend,"FBI Crime Data Explorer, NIBRS offense 11A (Rape), state victim demographics, 2023",2026-10-02
KY,Unknown,3,https://cde.ucr.cjis.gov/LATEST/webapp/#/pages/explorer/crime/crime-trend,"FBI Crime Data Explorer, NIBRS offense 11A (Rape), state victim demographics, 2023",2026-10-02
LA,0-9,97,https://cde.ucr.cjis.gov/LATEST/webapp/#/pages/explorer/crime/crime-trend,"FBI Crime Data Explorer, NIBRS offense 11A (Rape), state victim demographics, 2023",2026-10-02
LA,10-19,432,https://cde.ucr.cjis.gov/LATEST/webapp/#/pages/explorer/crime/crime-trend,"FBI Crime Data Explorer, NIBRS offense 11A (Rape), state victim demographics, 2023",2026-10-02
LA,20-29,197,https://cde.ucr.cjis.gov/LATEST/webapp/#/pages/explorer/crime/crime-trend,"FBI Crime Data Explorer, NIBRS offense 11A (Rape), state victim demographics, 2023",2026-10-02
LA,30-39,134,https://cde.ucr.cjis.gov/LATEST/webapp/#/pages/explorer/crime/crime-trend,"FBI Crime Data Explorer, NIBRS offense 11A (Rape), state victim demographics, 2023",2026-10-02
LA,40-49,91,https://cde.ucr.cjis.gov/LATEST/webapp/#/pages/explorer/crime/crime-trend,"FBI Crime Data Explorer, NIBRS offense 11A (Rape), state victim demographics, 2023",2026-10-02
LA,50+,51,https://cde.ucr.cjis.gov/LATEST/webapp/#/pages/explorer/crime/crime-trend,"FBI Crime Data Explorer, NIBRS offense 11A (Rape), state victim demographics, 2023",2026-10-02
LA,Unknown,10,https://cde.ucr.cjis.gov/LATEST/webapp/#/pages/explorer/crime/crime-trend,"FBI Crime Data Explorer, NIBRS offense 11A (Rape), state victim demographics, 2023",2026-10-02
ME,0-9,30,https://cde.ucr.cjis.gov/LATEST/webapp/#/pages/explorer/crime/crime-trend,"FBI Crime Data Explorer, NIBRS offense 11A (Rape), state victim demographics, 2023",2026-10-02
ME,10-19,147,https://cde.ucr.cjis.gov/LATEST/webapp/#/pages/explorer/crime/crime-trend,"FBI Crime Data Explorer, NIBRS offense 11A (Rape), state victim demographics, 2023",2026-10-02
ME,20-29,89,https://cde.ucr.cjis.gov/LATEST/webapp/#/pages/explorer/crime/crime-trend,"FBI Crime Data Explorer, NIBRS offense 11A (Rape), state victim demographics, 2023",2026-10-02
ME,30-39,66,https://cde.ucr.cjis.gov/LATEST/webapp/#/pages/explorer/crime/crime-trend,"FBI Crime Data Explorer, NIBRS offense 11A (Rape), state victim demographics, 2023",2026-10-02
ME,40-49,37,https://cde.ucr.cjis.gov/LATEST/webapp/#/pages/explorer/crime/crime-trend,"FBI Crime Data Explorer, NIBRS offense 11A (Rape), state victim demographics, 2023",2026-10-02
ME,50+,23,https://cde.ucr.cjis.gov/LATEST/webapp/#/pages/explorer/crime/crime-trend,"FBI Crime Data Explorer, NIBRS offense 11A (Rape), state victim demographics, 2023",2026-10-02
ME,Unknown,1,https://cde.ucr.cjis.gov/LATEST/webapp/#/pages/explorer/crime/crime-trend,"FBI Crime Data Explorer, NIBRS offense 11A (Rape), state victim demographics, 2023",2026-10-02
MD,0-9,91,https://cde.ucr.cjis.gov/LATEST/webapp/#/pages/explorer/crime/crime-trend,"FBI Crime Data Explorer, NIBRS offense 11A (Rape), state victim demographics, 2023",2026-10-02
MD,10-19,641,https://cde.ucr.cjis.gov/LATEST/webapp/#/pages/explorer/crime/crime-trend,"FBI Crime Data Explorer, NIBRS offense 11A (Rape), state victim demographics, 2023",2026-10-02
MD,20-29,371,https://cde.ucr.cjis.gov/LATEST/webapp/#/pages/explorer/crime/crime-trend,"FBI Crime Data Explorer, NIBRS offense 11A (Rape), state victim demographics, 2023",2026-10-02
MD,30-39,232,https://cde.ucr.cjis.gov/LATEST/webapp/#/pages/explorer/crime/crime-trend,"FBI Crime Data Explorer, NIBRS offense 11A (Rape), state victim demographics, 2023",2026-10-02
MD,40-49,125,https://cde.ucr.cjis.gov/LATEST/webapp/#/pages/explorer/crime/crime-trend,"FBI Crime Data Explorer, NIBRS offense 11A (Rape), state victim demographics, 2023",2026-10-02
MD,50+,93,https://cde.ucr.cjis.gov/LATEST/webapp/#/pages/explorer/crime/crime-trend,"FBI Crime Data Explorer, NIBRS offense 11A (Rape), state victim demographics, 2023",2026-10-02
MD,Unknown,7,https://cde.ucr.cjis.gov/LATEST/webapp/#/pages/explorer/crime/crime-trend,"FBI Crime Data Explorer, NIBRS offense 11A (Rape), state victim demographics, 2023",2026-10-02
MA,0-9,54,https://cde.ucr.cjis.gov/LATEST/webapp/#/pages/explorer/crime/crime-trend,"FBI Crime Data Explorer, NIBRS offense 11A (Rape), state victim demographics, 2023",2026-10-02
MA,10-19,516,https://cde.ucr.cjis.gov/LATEST/webapp/#/pages/explorer/crime/crime-trend,"FBI Crime Data Explorer, NIBRS offense 11A (Rape), state victim demographics, 2023",2026-10-02
MA,20-29,442,https://cde.ucr.cjis.gov/LATEST/webapp/#/pages/explorer/crime/crime-trend,"FBI Crime Data Explorer, NIBRS offense 11A (Rape), state victim demographics, 2023",2026-10-02
MA,30-39,269,https://cde.ucr.cjis.gov/LATEST/webapp/#/pages/explorer/crime/crime-trend,"FBI Crime Data Explorer, NIBRS offense 11A (Rape), state victim demographics, 2023",2026-10-02
MA,40-49,148,https://cde.ucr.cjis.gov/LATEST/webapp/#/pages/explorer/crime/crime-trend,"FBI Crime Data Explorer, NIBRS offense 11A (Rape), state victim demographics, 2023",2026-10-02
MA,50+,141,https://cde.ucr.cjis.gov/LATEST/webapp/#/pages/explorer/crime/crime-trend,"FBI Crime Data Explorer, NIBRS offense 11A (Rape), state victim demographics, 2023",2026-10-02
MA,Unknown,20,https://cde.ucr.cjis.gov/LATEST/webapp/#/pages/explorer/crime/crime-trend,"FBI Crime Data Explorer, NIBRS offense 11A (Rape), state victim demographics, 2023",2026-10-02
MI,0-9,430,https://cde.ucr.cjis.gov/LATEST/webapp/#/pages/explorer/crime/crime-trend,"FBI Crime Data Explorer, NIBRS offense 11A (Rape), state victim demographics, 2023",2026-10-02
MI,10-19,1883,https://cde.ucr.cjis.gov/LATEST/webapp/#/pages/explorer/crime/crime-trend,"FBI Crime Data Explorer, NIBRS offense 11A (Rape), state victim demographics, 2023",2026-10-02
MI,20-29,760,https://cde.ucr.cjis.gov/LATEST/webapp/#/pages/explorer/crime/crime-trend,"FBI Crime Data Explorer, NIBRS offense 11A (Rape), state victim demographics, 2023",2026-10-02
MI,30-39,500,https://cde.ucr.cjis.gov/LATEST/webapp/#/pages/explorer/crime/crime-trend,"FBI Crime Data Explorer, NIBRS offense 11A (Rape), state victim demographics, 2023",2026-10-02
MI,40-49,241,https://cde.ucr.cjis.gov/LATEST/webapp/#/pages/explorer/crime/crime-trend,"FBI Crime Data Explorer, NIBRS offense 11A (Rape), state victim demographics, 2023",2026-10-02
MI,50+,176,https://cde.ucr.cjis.gov/LATEST/webapp/#/pages/explorer/crime/crime-trend,"FBI Crime Data Explorer, NIBRS offense 11A (Rape), state victim demographics, 2023",2026-10-02
MI,Unknown,21,https://cde.ucr.cjis.gov/LATEST/webapp/#/pages/explorer/crime/crime-trend,"FBI Crime Data Explorer, NIBRS offense 11A (Rape), state victim demographics, 2023",2026-10-02
MN,0-9,69,https://cde.ucr.cjis.gov/LATEST/webapp/#/pages/explorer/crime/crime-trend,"FBI Crime Data Explorer, NIBRS offense 11A (Rape), state victim demographics, 2023",2026-10-02
MN,10-19,778,https://cde.ucr.cjis.gov/LATEST/webapp/#/pages/explorer/crime/crime-trend,"FBI Crime Data Explorer, NIBRS offense 11A (Rape), state victim demographics, 2023",2026-10-02
MN,20-29,444,https://cde.ucr.cjis.gov/LATEST/webapp/#/pages/explorer/crime/crime-trend,"FBI Crime Data Explorer, NIBRS offense 11A (Rape), state victim demographics, 2023",2026-10-02
MN,30-39,290,https://cde.ucr.cjis.gov/LATEST/webapp/#/pages/explorer/crime/crime-trend,"FBI Crime Data Explorer, NIBRS offense 11A (Rape), state victim demographics, 2023",2026-10-02
MN,40-49,121,https://cde.ucr.cjis.gov/LATEST/webapp/#/pages/explorer/crime/crime-trend,"FBI Crime Data Explorer, NIBRS offense 11A (Rape), state victim demographics, 2023",2026-10-02
MN,50+,86,https://cde.ucr.cjis.gov/LATEST/webapp/#/pages/explorer/crime/crime-trend,"FBI Crime Data Explorer, NIBRS offense 11A (Rape), state victim demographics, 2023",2026-10-02
MN,Unknown,13,https://cde.ucr.cjis.gov/LATEST/webapp/#/pages/explorer/crime/crime-trend,"FBI Crime Data Explorer, NIBRS offense 11A (Rape), state victim demographics, 2023",2026-10-02
MS,0-9,43,https://cde.ucr.cjis.gov/LATEST/webapp/#/pages/explorer/crime/crime-trend,"FBI Crime Data Explorer, NIBRS offense 11A (Rape), state victim demographics, 2023",2026-10-02
MS,10-19,222,https://cde.ucr.cjis.gov/LATEST/webapp/#/pages/explorer/crime/crime-trend,"FBI Crime Data Explorer, NIBRS offense 11A (Rape), state victim demographics, 2023",2026-10-02
MS,20-29,101,https://cde.ucr.cjis.gov/LATEST/webapp/#/pages/explorer/crime/crime-trend,"FBI Crime Data Explorer, NIBRS offense 11A (Rape), state victim demographics, 2023",2026-10-02
MS,30-39,65,https://cde.ucr.cjis.gov/LATEST/webapp/#/pages/explorer/crime/crime-trend,"FBI Crime Data Explorer, NIBRS offense 11A (Rape), state victim demographics, 2023",2026-10-02
MS,40-49,39,https://cde.ucr.cjis.gov/LATEST/webapp/#/pages/explorer/crime/crime-trend,"FBI Crime Data Explorer, NIBRS offense 11A (Rape), state victim demographics, 2023",2026-10-02
MS,50+,37,https://cde.ucr.cjis.gov/LATEST/webapp/#/pages/explorer/crime/crime-trend,"FBI Crime Data Explorer, NIBRS offense 11A (Rape), state victim demographics, 2023",2026-10-02
MS,Unknown,15,https://cde.ucr.cjis.gov/LATEST/webapp/#/pages/explorer/crime/crime-trend,"FBI Crime Data Explorer, NIBRS offense 11A (Rape), state victim demographics, 2023",2026-10-02
MO,0-9,75,https://cde.ucr.cjis.gov/LATEST/webapp/#/pages/explorer/crime/crime-trend,"FBI Crime Data Explorer, NIBRS offense 11A (Rape), state victim demographics, 2023",2026-10-02
MO,10-19,649,https://cde.ucr.cjis.gov/LATEST/webapp/#/pages/explorer/crime/crime-trend,"FBI Crime Data Explorer, NIBRS offense 11A (Rape), state victim demographics, 2023",2026-10-02
MO,20-29,434,https://cde.ucr.cjis.gov/LATEST/webapp/#/pages/explorer/crime/crime-trend,"FBI Crime Data Explorer, NIBRS offense 11A (Rape), state victim demographics, 2023",2026-10-02
MO,30-39,310,https://cde.ucr.cjis.gov/LATEST/webapp/#/pages/explorer/crime/crime-trend,"FBI Crime Data Explorer, NIBRS offense 11A (Rape), state victim demographics, 2023",2026-10-02
MO,40-49,158,https://cde.ucr.cjis.gov/LATEST/webapp/#/pages/explorer/crime/crime-trend,"FBI Crime Data Explorer, NIBRS offense 11A (Rape), state victim demographics, 2023",2026-10-02
MO,50+,106,https://cde.ucr.cjis.gov/LATEST/webapp/#/pages/explorer/crime/crime-trend,"FBI Crime Data Explorer, NIBRS offense 11A (Rape), state victim demographics, 2023",2026-10-02
MO,Unknown,2,https://cde.ucr.cjis.gov/LATEST/webapp/#/pages/explorer/crime/crime-trend,"FBI Crime Data Explorer, NIBRS offense 11A (Rape), state victim demographics, 2023",2026-10-02
MT,0-9,33,https://cde.ucr.cjis.gov/LATEST/webapp/#/pages/explorer/crime/crime-trend,"FBI Crime Data Explorer, NIBRS offense 11A (Rape), state victim demographics, 2023",2026-10-02
MT,10-19,327,https://cde.ucr.cjis.gov/LATEST/webapp/#/pages/explorer/crime/crime-trend,"FBI Crime Data Explorer, NIBRS offense 11A (Rape), state victim demographics, 2023",2026-10-02
MT,20-29,108,https://cde.ucr.cjis.gov/LATEST/webapp/#/pages/explorer/crime/crime-trend,"FBI Crime Data Explorer, NIBRS offense 11A (Rape), state victim demographics, 2023",2026-10-02
MT,30-39,76,https://cde.ucr.cjis.gov/LATEST/webapp/#/pages/explorer/crime/crime-trend,"FBI Crime Data Explorer, NIBRS offense 11A (Rape), state victim demographics, 2023",2026-10-02
MT,40-49,36,https://cde.ucr.cjis.gov/LATEST/webapp/#/pages/explorer/crime/crime-trend,"FBI Crime Data Explorer, NIBRS offense 11A (Rape), state victim demographics, 2023",2026-10-02
MT,50+,32,https://cde.ucr.cjis.gov/LATEST/webapp/#/pages/explorer/crime/crime-trend,"FBI Crime Data Explorer, NIBRS offense 11A (Rape), state victim demographics, 2023",2026-10-02
MT,Unknown,2,https://cde.ucr.cjis.gov/LATEST/webapp/#/pages/explorer/crime/crime-trend,"FBI Crime Data Explorer, NIBRS offense 11A (Rape), state victim demographics, 2023",2026-10-02
NE,0-9,25,https://cde.ucr.cjis.gov/LATEST/webapp/#/pages/explorer/crime/crime-trend,"FBI Crime Data Explorer, NIBRS offense 11A (Rape), state victim demographics, 2023",2026-10-02
NE,10-19,311,https://cde.ucr.cjis.gov/LATEST/webapp/#/pages/explorer/crime/crime-trend,"FBI Crime Data Explorer, NIBRS offense 11A (Rape), state victim demographics, 2023",2026-10-02
NE,20-29,157,https://cde.ucr.cjis.gov/LATEST/webapp/#/pages/explorer/crime/crime-trend,"FBI Crime Data Explorer, NIBRS offense 11A (Rape), state victim demographics, 2023",2026-10-02
NE,30-39,97,https://cde.ucr.cjis.gov/LATEST/webapp/#/pages/explorer/crime/crime-trend,"FBI Crime Data Explorer, NIBRS offense 11A (Rape), state victim demographics, 2023",2026-10-02
NE,40-49,43,https://cde.ucr.cjis.gov/LATEST/webapp/#/pages/explorer/crime/crime-trend,"FBI Crime Data Explorer, NIBRS offense 11A (Rape), state victim demographics, 2023",2026-10-02
NE,50+,29,https://cde.ucr.cjis.gov/LATEST/webapp/#/pages/explorer/crime/crime-trend,"FBI Crime Data Explorer, NIBRS offense 11A (Rape), state victim demographics, 2023",2026-10-02
NE,Unknown,6,https://cde.ucr.cjis.gov/LATEST/webapp/#/pages/explorer/crime/crime-trend,"FBI Crime Data Explorer, NIBRS offense 11A (Rape), state victim demographics, 2023",2026-10-02
NV,0-9,154,https://cde.ucr.cjis.gov/LATEST/webapp/#/pages/explorer/crime/crime-trend,"FBI Crime Data Explorer, NIBRS offense 11A (Rape), state victim demographics, 2023",2026-10-02
NV,10-19,545,https://cde.ucr.cjis.gov/LATEST/webapp/#/pages/explorer/crime/crime-trend,"FBI Crime Data Explorer, NIBRS offense 11A (Rape), state victim demographics, 2023",2026-10-02
NV,20-29,311,https://cde.ucr.cjis.gov/LATEST/webapp/#/pages/explorer/crime/crime-trend,"FBI Crime Data Explorer, NIBRS offense 11A (Rape), state victim demographics, 2023",2026-10-02
NV,30-39,190,https://cde.ucr.cjis.gov/LATEST/webapp/#/pages/explorer/crime/crime-trend,"FBI Crime Data Explorer, NIBRS offense 11A (Rape), state victim demographics, 2023",2026-10-02
NV,40-49,134,https://cde.ucr.cjis.gov/LATEST/webapp/#/pages/explorer/crime/crime-trend,"FBI Crime Data Explorer, NIBRS offense 11A (Rape), state victim demographics, 2023",2026-10-02
NV,50+,81,https://cde.ucr.cjis.gov/LATEST/webapp/#/pages/explorer/crime/crime-trend,"FBI Crime Data Explorer, NIBRS offense 11A (Rape), state victim demographics, 2023",2026-10-02
NV,Unknown,10,https://cde.ucr.cjis.gov/LATEST/webapp/#/pages/explorer/crime/crime-trend,"FBI Crime Data Explorer, NIBRS offense 11A (Rape), state victim demographics, 2023",2026-10-02
NH,0-9,28,https://cde.ucr.cjis.gov/LATEST/webapp/#/pages/explorer/crime/crime-trend,"FBI Crime Data Explorer, NIBRS offense 11A (Rape), state victim demographics, 2023",2026-10-02
NH,10-19,198,https://cde.ucr.cjis.gov/LATEST/webapp/#/pages/explorer/crime/crime-trend,"FBI Crime Data Explorer, NIBRS offense 11A (Rape), state victim demographics, 2023",2026-10-02
NH,20-29,95,https://cde.ucr.cjis.gov/LATEST/webapp/#/pages/explorer/crime/crime-trend,"FBI Crime Data Explorer, NIBRS offense 11A (Rape), state victim demographics, 2023",2026-10-02
NH,30-39,77,https://cde.ucr.cjis.gov/LATEST/webapp/#/pages/explorer/crime/crime-trend,"FBI Crime Data Explorer, NIBRS offense 11A (Rape), state victim demographics, 2023",2026-10-02
NH,40-49,29,https://cde.ucr.cjis.gov/LATEST/webapp/#/pages/explorer/crime/crime-trend,"FBI Crime Data Explorer, NIBRS offense 11A (Rape), state victim demographics, 2023",2026-10-02
NH,50+,18,https://cde.ucr.cjis.gov/LATEST/webapp/#/pages/explorer/crime/crime-trend,"FBI Crime Data Explorer, NIBRS offense 11A (Rape), state victim demographics, 2023",2026-10-02
NH,Unknown,10,https://cde.ucr.cjis.gov/LATEST/webapp/#/pages/explorer/crime/crime-trend,"FBI Crime Data Explorer, NIBRS offense 11A (Rape), state victim demographics, 2023",2026-10-02
NJ,0-9,61,https://cde.ucr.cjis.gov/LATEST/webapp/#/pages/explorer/crime/crime-trend,"FBI Crime Data Explorer, NIBRS offense 11A (Rape), state victim demographics, 2023",2026-10-02
NJ,10-19,366,https://cde.ucr.cjis.gov/LATEST/webapp/#/pages/explorer/crime/crime-trend,"FBI Crime Data Explorer, NIBRS offense 11A (Rape), state victim demographics, 2023",2026-10-02
NJ,20-29,259,https://cde.ucr.cjis.gov/LATEST/webapp/#/pages/explorer/crime/crime-trend,"FBI Crime Data Explorer, NIBRS offense 11A (Rape), state victim demographics, 2023",2026-10-02
NJ,30-39,170,https://cde.ucr.cjis.gov/LATEST/webapp/#/pages/explorer/crime/crime-trend,"FBI Crime Data Explorer, NIBRS offense 11A (Rape), state victim demographics, 2023",2026-10-02
NJ,40-49,93,https://cde.ucr.cjis.gov/LATEST/webapp/#/pages/explorer/crime/crime-trend,"FBI Crime Data Explorer, NIBRS offense 11A (Rape), state victim demographics, 2023",2026-10-02
NJ,50+,61,https://cde.ucr.cjis.gov/LATEST/webapp/#/pages/explorer/crime/crime-trend,"FBI Crime Data Explorer, NIBRS offense 11A (Rape), state victim demographics, 2023",2026-10-02
NJ,Unknown,2,https://cde.ucr.cjis.gov/LATEST/webapp/#/pages/explorer/crime/crime-trend,"FBI Crime Data Explorer, NIBRS offense 11A (Rape), state victim demographics, 2023",2026-10-02
NM,0-9,74,https://cde.ucr.cjis.gov/LATEST/webapp/#/pages/explorer/crime/crime-trend,"FBI Crime Data Explorer, NIBRS offense 11A (Rape), state victim demographics, 2023",2026-10-02
NM,10-19,292,https://cde.ucr.cjis.gov/LATEST/webapp/#/pages/explorer/crime/crime-trend,"FBI Crime Data Explorer, NIBRS offense 11A (Rape), state victim demographics, 2023",2026-10-02
NM,20-29,195,https://cde.ucr.cjis.gov/LATEST/webapp/#/pages/explorer/crime/crime-trend,"FBI Crime Data Explorer, NIBRS offense 11A (Rape), state victim demographics, 2023",2026-10-02
NM,30-39,128,https://cde.ucr.cjis.gov/LATEST/webapp/#/pages/explorer/crime/crime-trend,"FBI Crime Data Explorer, NIBRS offense 11A (Rape), state victim demographics, 2023",2026-10-02
NM,40-49,105,https://cde.ucr.cjis.gov/LATEST/webapp/#/pages/explorer/crime/crime-trend,"FBI Crime Data Explorer, NIBRS offense 11A (Rape), state victim demographics, 2023",2026-10-02
NM,50+,68,https://cde.ucr.cjis.gov/LATEST/webapp/#/pages/explorer/crime/crime-trend,"FBI Crime Data Explorer, NIBRS offense 11A (Rape), state victim demographics, 2023",2026-10-02
NM,Unknown,6,https://cde.ucr.cjis.gov/LATEST/webapp/#/pages/explorer/crime/crime-trend,"FBI Crime Data Explorer, NIBRS offense 11A (Rape), state victim demographics, 2023",2026-10-02
NY,0-9,45,https://cde.ucr.cjis.gov/LATEST/webapp/#/pages/explorer/crime/crime-trend,"FBI Crime Data Explorer, NIBRS offense 11A (Rape), state victim demographics, 2023",2026-10-02
NY,10-19,661,https://cde.ucr.cjis.gov/LATEST/webapp/#/pages/explorer/crime/crime-trend,"FBI Crime Data Explorer, NIBRS offense 11A (Rape), state victim demographics, 2023",2026-10-02
NY,20-29,622,https://cde.ucr.cjis.gov/LATEST/webapp/#/pages/explorer/crime/crime-trend,"FBI Crime Data Explorer, NIBRS offense 11A (Rape), state victim demographics, 2023",2026-10-02
NY,30-39,408,https://cde.ucr.cjis.gov/LATEST/webapp/#/pages/explorer/crime/crime-trend,"FBI Crime Data Explorer, NIBRS offense 11A (Rape), state victim demographics, 2023",2026-10-02
NY,40-49,186,https://cde.ucr.cjis.gov/LATEST/webapp/#/pages/explorer/crime/crime-trend,"FBI Crime Data Explorer, NIBRS offense 11A (Rape), state victim demographics, 2023",2026-10-02
NY,50+,122,https://cde.ucr.cjis.gov/LATEST/webapp/#/pages/explorer/crime/crime-trend,"FBI Crime Data Explorer, NIBRS offense 11A (Rape), state victim demographics, 2023",2026-10-02
NY,Unknown,4,https://cde.ucr.cjis.gov/LATEST/webapp/#/pages/explorer/crime/crime-trend,"FBI Crime Data Explorer, NIBRS offense 11A (Rape), state victim demographics, 2023",2026-10-02
NC,0-9,95,https://cde.ucr.cjis.gov/LATEST/webapp/#/pages/explorer/crime/crime-trend,"FBI Crime Data Explorer, NIBRS offense 11A (Rape), state victim demographics, 2023",2026-10-02
NC,10-19,954,https://cde.ucr.cjis.gov/LATEST/webapp/#/pages/explorer/crime/crime-trend,"FBI Crime Data Explorer, NIBRS offense 11A (Rape), state victim demographics, 2023",2026-10-02
NC,20-29,609,https://cde.ucr.cjis.gov/LATEST/webapp/#/pages/explorer/crime/crime-trend,"FBI Crime Data Explorer, NIBRS offense 11A (Rape), state victim demographics, 2023",2026-10-02
NC,30-39,345,https://cde.ucr.cjis.gov/LATEST/webapp/#/pages/explorer/crime/crime-trend,"FBI Crime Data Explorer, NIBRS offense 11A (Rape), state victim demographics, 2023",2026-10-02
NC,40-49,203,https://cde.ucr.cjis.gov/LATEST/webapp/#/pages/explorer/crime/crime-trend,"FBI Crime Data Explorer, NIBRS offense 11A (Rape), state victim demographics, 2023",2026-10-02
NC,50+,152,https://cde.ucr.cjis.gov/LATEST/webapp/#/pages/explorer/crime/crime-trend,"FBI Crime Data Explorer, NIBRS offense 11A (Rape), state victim demographics, 2023",2026-10-02
NC,Unknown,12,https://cde.ucr.cjis.gov/LATEST/webapp/#/pages/explorer/crime/crime-trend,"FBI Crime Data Explorer, NIBRS offense 11A (Rape), state victim demographics, 2023",2026-10-02
ND,0-9,30,https://cde.ucr.cjis.gov/LATEST/webapp/#/pages/explorer/crime/crime-trend,"FBI Crime Data Explorer, NIBRS offense 11A (Rape), state victim demographics, 2023",2026-10-02
ND,10-19,159,https://cde.ucr.cjis.gov/LATEST/webapp/#/pages/explorer/crime/crime-trend,"FBI Crime Data Explorer, NIBRS offense 11A (Rape), state victim demographics, 2023",2026-10-02
ND,20-29,89,https://cde.ucr.cjis.gov/LATEST/webapp/#/pages/explorer/crime/crime-trend,"FBI Crime Data Explorer, NIBRS offense 11A (Rape), state victim demographics, 2023",2026-10-02
ND,30-39,48,https://cde.ucr.cjis.gov/LATEST/webapp/#/pages/explorer/crime/crime-trend,"FBI Crime Data Explorer, NIBRS offense 11A (Rape), state victim demographics, 2023",2026-10-02
ND,40-49,25,https://cde.ucr.cjis.gov/LATEST/webapp/#/pages/explorer/crime/crime-trend,"FBI Crime Data Explorer, NIBRS offense 11A (Rape), state victim demographics, 2023",2026-10-02
ND,50+,18,https://cde.ucr.cjis.gov/LATEST/webapp/#/pages/explorer/crime/crime-trend,"FBI Crime Data Explorer, NIBRS offense 11A (Rape), state victim demographics, 2023",2026-10-02
ND,Unknown,2,https://cde.ucr.cjis.gov/LATEST/webapp/#/pages/explorer/crime/crime-trend,"FBI Crime Data Explorer, NIBRS offense 11A (Rape), state victim demographics, 2023",2026-10-02
OH,0-9,636,https://cde.ucr.cjis.gov/LATEST/webapp/#/pages/explorer/crime/crime-trend,"FBI Crime Data Explorer, NIBRS offense 11A (Rape), state victim demographics, 2023",2026-10-02
OH,10-19,2107,https://cde.ucr.cjis.gov/LATEST/webapp/#/pages/explorer/crime/crime-trend,"FBI Crime Data Explorer, NIBRS offense 11A (Rape), state victim demographics, 2023",2026-10-02
OH,20-29,1115,https://cde.ucr.cjis.gov/LATEST/webapp/#/pages/explorer/crime/crime-trend,"FBI Crime Data Explorer, NIBRS offense 11A (Rape), state victim demographics, 2023",2026-10-02
OH,30-39,792,https://cde.ucr.cjis.gov/LATEST/webapp/#/pages/explorer/crime/crime-trend,"FBI Crime Data Explorer, NIBRS offense 11A (Rape), state victim demographics, 2023",2026-10-02
OH,40-49,396,https://cde.ucr.cjis.gov/LATEST/webapp/#/pages/explorer/crime/crime-trend,"FBI Crime Data Explorer, NIBRS offense 11A (Rape), state victim demographics, 2023",2026-10-02
OH,50+,295,https://cde.ucr.cjis.gov/LATEST/webapp/#/pages/explorer/crime/crime-trend,"FBI Crime Data Explorer, NIBRS offense 11A (Rape), state victim demographics, 2023",2026-10-02
OH,Unknown,26,https://cde.ucr.cjis.gov/LATEST/webapp/#/pages/explorer/crime/crime-trend,"FBI Crime Data Explorer, NIBRS offense 11A (Rape), state victim demographics, 2023",2026-10-02
OK,0-9,122,https://cde.ucr.cjis.gov/LATEST/webapp/#/pages/explorer/crime/crime-trend,"FBI Crime Data Explorer, NIBRS offense 11A (Rape), state victim demographics, 2023",2026-10-02
OK,10-19,719,https://cde.ucr.cjis.gov/LATEST/webapp/#/pages/explorer/crime/crime-trend,"FBI Crime Data Explorer, NIBRS offense 11A (Rape), state victim demographics, 2023",2026-10-02
OK,20-29,418,https://cde.ucr.cjis.gov/LATEST/webapp/#/pages/explorer/crime/crime-trend,"FBI Crime Data Explorer, NIBRS offense 11A (Rape), state victim demographics, 2023",2026-10-02
OK,30-39,301,https://cde.ucr.cjis.gov/LATEST/webapp/#/pages/explorer/crime/crime-trend,"FBI Crime Data Explorer, NIBRS offense 11A (Rape), state victim demographics, 2023",2026-10-02
OK,40-49,207,https://cde.ucr.cjis.gov/LATEST/webapp/#/pages/explorer/crime/crime-trend,"FBI Crime Data Explorer, NIBRS offense 11A (Rape), state victim demographics, 2023",2026-10-02
OK,50+,149,https://cde.ucr.cjis.gov/LATEST/webapp/#/pages/explorer/crime/crime-trend,"FBI Crime Data Explorer, NIBRS offense 11A (Rape), state victim demographics, 2023",2026-10-02
OK,Unknown,10,https://cde.ucr.cjis.gov/LATEST/webapp/#/pages/explorer/crime/crime-trend,"FBI Crime Data Explorer, NIBRS offense 11A (Rape), state victim demographics, 2023",2026-10-02
OR,0-9,36,https://cde.ucr.cjis.gov/LATEST/webapp/#/pages/explorer/crime/crime-trend,"FBI Crime Data Explorer, NIBRS offense 11A (Rape), state victim demographics, 2023",2026-10-02
OR,10-19,459,https://cde.ucr.cjis.gov/LATEST/webapp/#/pages/explorer/crime/crime-trend,"FBI Crime Data Explorer, NIBRS offense 11A (Rape), state victim demographics, 2023",2026-10-02
OR,20-29,386,https://cde.ucr.cjis.gov/LATEST/webapp/#/pages/explorer/crime/crime-trend,"FBI Crime Data Explorer, NIBRS offense 11A (Rape), state victim demographics, 2023",2026-10-02
OR,30-39,271,https://cde.ucr.cjis.gov/LATEST/webapp/#/pages/explorer/crime/crime-trend,"FBI Crime Data Explorer, NIBRS offense 11A (Rape), state victim demographics, 2023",2026-10-02
OR,40-49,165,https://cde.ucr.cjis.gov/LATEST/webapp/#/pages/explorer/crime/crime-trend,"FBI Crime Data Explorer, NIBRS offense 11A (Rape), state victim demographics, 2023",2026-10-02
OR,50+,96,https://cde.ucr.cjis.gov/LATEST/webapp/#/pages/explorer/crime/crime-trend,"FBI Crime Data Explorer, NIBRS offense 11A (Rape), state victim demographics, 2023",2026-10-02
OR,Unknown,6,https://cde.ucr.cjis.gov/LATEST/webapp/#/pages/explorer/crime/crime-trend,"FBI Crime Data Explorer, NIBRS offense 11A (Rape), state victim demographics, 2023",2026-10-02
PA,0-9,218,https://cde.ucr.cjis.gov/LATEST/webapp/#/pages/explorer/crime/crime-trend,"FBI Crime Data Explorer, NIBRS offense 11A (Rape), state victim demographics, 2023",2026-10-02
PA,10-19,815,https://cde.ucr.cjis.gov/LATEST/webapp/#/pages/explorer/crime/crime-trend,"FBI Crime Data Explorer, NIBRS offense 11A (Rape), state victim demographics, 2023",2026-10-02
PA,20-29,420,https://cde.ucr.cjis.gov/LATEST/webapp/#/pages/explorer/crime/crime-trend,"FBI Crime Data Explorer, NIBRS offense 11A (Rape), state victim demographics, 2023",2026-10-02
PA,30-39,238,https://cde.ucr.cjis.gov/LATEST/webapp/#/pages/explorer/crime/crime-trend,"FBI Crime Data Explorer, NIBRS offense 11A (Rape), state victim demographics, 2023",2026-10-02
PA,40-49,121,https://cde.ucr.cjis.gov/LATEST/webapp/#/pages/explorer/crime/crime-trend,"FBI Crime Data Explorer, NIBRS offense 11A (Rape), state victim demographics, 2023",2026-10-02
PA,50+,96,https://cde.ucr.cjis.gov/LATEST/webapp/#/pages/explorer/crime/crime-trend,"FBI Crime Data Explorer, NIBRS offense 11A (Rape), state victim demographics, 2023",2026-10-02
PA,Unknown,21,https://cde.ucr.cjis.gov/LATEST/webapp/#/pages/explorer/crime/crime-trend,"FBI Crime Data Explorer, NIBRS offense 11A (Rape), state victim demographics, 2023",2026-10-02
RI,0-9,25,https://cde.ucr.cjis.gov/LATEST/webapp/#/pages/explorer/crime/crime-trend,"FBI Crime Data Explorer, NIBRS offense 11A (Rape), state victim demographics, 2023",2026-10-02
RI,10-19,147,https://cde.ucr.cjis.gov/LATEST/webapp/#/pages/explorer/crime/crime-trend,"FBI Crime Data Explorer, NIBRS offense 11A (Rape), state victim demographics, 2023",2026-10-02
RI,20-29,74,https://cde.ucr.cjis.gov/LATEST/webapp/#/pages/explorer/crime/crime-trend,"FBI Crime Data Explorer, NIBRS offense 11A (Rape), state victim demographics, 2023",2026-10-02
RI,30-39,35,https://cde.ucr.cjis.gov/LATEST/webapp/#/pages/explorer/crime/crime-trend,"FBI Crime Data Explorer, NIBRS offense 11A (Rape), state victim demographics, 2023",2026-10-02
RI,40-49,26,https://cde.ucr.cjis.gov/LATEST/webapp/#/pages/explorer/crime/crime-trend,"FBI Crime Data Explorer, NIBRS offense 11A (Rape), state victim demographics, 2023",2026-10-02
RI,50+,24,https://cde.ucr.cjis.gov/LATEST/webapp/#/pages/explorer/crime/crime-trend,"FBI Crime Data Explorer, NIBRS offense 11A (Rape), state victim demographics, 2023",2026-10-02
RI,Unknown,0,https://cde.ucr.cjis.gov/LATEST/webapp/#/pages/explorer/crime/crime-trend,"FBI Crime Data Explorer, NIBRS offense 11A (Rape), state victim demographics, 2023",2026-10-02
SC,0-9,135,https://cde.ucr.cjis.gov/LATEST/webapp/#/pages/explorer/crime/crime-trend,"FBI Crime Data Explorer, NIBRS offense 11A (Rape), state victim demographics, 2023",2026-10-02
SC,10-19,656,https://cde.ucr.cjis.gov/LATEST/webapp/#/pages/explorer/crime/crime-trend,"FBI Crime Data Explorer, NIBRS offense 11A (Rape), state victim demographics, 2023",2026-10-02
SC,20-29,355,https://cde.ucr.cjis.gov/LATEST/webapp/#/pages/explorer/crime/crime-trend,"FBI Crime Data Explorer, NIBRS offense 11A (Rape), state victim demographics, 2023",2026-10-02
SC,30-39,230,https://cde.ucr.cjis.gov/LATEST/webapp/#/pages/explorer/crime/crime-trend,"FBI Crime Data Explorer, NIBRS offense 11A (Rape), state victim demographics, 2023",2026-10-02
SC,40-49,128,https://cde.ucr.cjis.gov/LATEST/webapp/#/pages/explorer/crime/crime-trend,"FBI Crime Data Explorer, NIBRS offense 11A (Rape), state victim demographics, 2023",2026-10-02
SC,50+,101,https://cde.ucr.cjis.gov/LATEST/webapp/#/pages/explorer/crime/crime-trend,"FBI Crime Data Explorer, NIBRS offense 11A (Rape), state victim demographics, 2023",2026-10-02
SC,Unknown,14,https://cde.ucr.cjis.gov/LATEST/webapp/#/pages/explorer/crime/crime-trend,"FBI Crime Data Explorer, NIBRS offense 11A (Rape), state victim demographics, 2023",2026-10-02
SD,0-9,24,https://cde.ucr.cjis.gov/LATEST/webapp/#/pages/explorer/crime/crime-trend,"FBI Crime Data Explorer, NIBRS offense 11A (Rape), state victim demographics, 2023",2026-10-02
SD,10-19,166,https://cde.ucr.cjis.gov/LATEST/webapp/#/pages/explorer/crime/crime-trend,"FBI Crime Data Explorer, NIBRS offense 11A (Rape), state victim demographics, 2023",2026-10-02
SD,20-29,87,https://cde.ucr.cjis.gov/LATEST/webapp/#/pages/explorer/crime/crime-trend,"FBI Crime Data Explorer, NIBRS offense 11A (Rape), state victim demographics, 2023",2026-10-02
SD,30-39,59,https://cde.ucr.cjis.gov/LATEST/webapp/#/pages/explorer/crime/crime-trend,"FBI Crime Data Explorer, NIBRS offense 11A (Rape), state victim demographics, 2023",2026-10-02
SD,40-49,41,https://cde.ucr.cjis.gov/LATEST/webapp/#/pages/explorer/crime/crime-trend,"FBI Crime Data Explorer, NIBRS offense 11A (Rape), state victim demographics, 2023",2026-10-02
SD,50+,20,https://cde.ucr.cjis.gov/LATEST/webapp/#/pages/explorer/crime/crime-trend,"FBI Crime Data Explorer, NIBRS offense 11A (Rape), state victim demographics, 2023",2026-10-02
SD,Unknown,4,https://cde.ucr.cjis.gov/LATEST/webapp/#/pages/explorer/crime/crime-trend,"FBI Crime Data Explorer, NIBRS offense 11A (Rape), state victim demographics, 2023",2026-10-02
TN,0-9,153,https://cde.ucr.cjis.gov/LATEST/webapp/#/pages/explorer/crime/crime-trend,"FBI Crime Data Explorer, NIBRS offense 11A (Rape), state victim demographics, 2023",2026-10-02
TN,10-19,907,https://cde.ucr.cjis.gov/LATEST/webapp/#/pages/explorer/crime/crime-trend,"FBI Crime Data Explorer, NIBRS offense 11A (Rape), state victim demographics, 2023",2026-10-02
TN,20-29,543,https://cde.ucr.cjis.gov/LATEST/webapp/#/pages/explorer/crime/crime-trend,"FBI Crime Data Explorer, NIBRS offense 11A (Rape), state victim demographics, 2023",2026-10-02
TN,30-39,353,https://cde.ucr.cjis.gov/LATEST/webapp/#/pages/explorer/crime/crime-trend,"FBI Crime Data Explorer, NIBRS offense 11A (Rape), state victim demographics, 2023",2026-10-02
TN,40-49,193,https://cde.ucr.cjis.gov/LATEST/webapp/#/pages/explorer/crime/crime-trend,"FBI Crime Data Explorer, NIBRS offense 11A (Rape), state victim demographics, 2023",2026-10-02
TN,50+,155,https://cde.ucr.cjis.gov/LATEST/webapp/#/pages/explorer/crime/crime-trend,"FBI Crime Data Explorer, NIBRS offense 11A (Rape), state victim demographics, 2023",2026-10-02
TN,Unknown,9,https://cde.ucr.cjis.gov/LATEST/webapp/#/pages/explorer/crime/crime-trend,"FBI Crime Data Explorer, NIBRS offense 11A (Rape), state victim demographics, 2023",2026-10-02
TX,0-9,929,https://cde.ucr.cjis.gov/LATEST/webapp/#/pages/explorer/crime/crime-trend,"FBI Crime Data Explorer, NIBRS offense 11A (Rape), state victim demographics, 2023",2026-10-02
TX,10-19,5731,https://cde.ucr.cjis.gov/LATEST/webapp/#/pages/explorer/crime/crime-trend,"FBI Crime Data Explorer, NIBRS offense 11A (Rape), state victim demographics, 2023",2026-10-02
TX,20-29,2283,https://cde.ucr.cjis.gov/LATEST/webapp/#/pages/explorer/crime/crime-trend,"FBI Crime Data Explorer, NIBRS offense 11A (Rape), state victim demographics, 2023",2026-10-02
TX,30-39,1484,https://cde.ucr.cjis.gov/LATEST/webapp/#/pages/explorer/crime/crime-trend,"FBI Crime Data Explorer, NIBRS offense 11A (Rape), state victim demographics, 2023",2026-10-02
TX,40-49,807,https://cde.ucr.cjis.gov/LATEST/webapp/#/pages/explorer/crime/crime-trend,"FBI Crime Data Explorer, NIBRS offense 11A (Rape), state victim demographics, 2023",2026-10-02
TX,50+,536,https://cde.ucr.cjis.gov/LATEST/webapp/#/pages/explorer/crime/crime-trend,"FBI Crime Data Explorer, NIBRS offense 11A (Rape), state victim demographics, 2023",2026-10-02
TX,Unknown,184,https://cde.ucr.cjis.gov/LATEST/webapp/#/pages/explorer/crime/crime-trend,"FBI Crime Data Explorer, NIBRS offense 11A (Rape), state victim demographics, 2023",2026-10-02
UT,0-9,29,https://cde.ucr.cjis.gov/LATEST/webapp/#/pages/explorer/crime/crime-trend,"FBI Crime Data Explorer, NIBRS offense 11A (Rape), state victim demographics, 2023",2026-10-02
UT,10-19,580,https://cde.ucr.cjis.gov/LATEST/webapp/#/pages/explorer/crime/crime-trend,"FBI Crime Data Explorer, NIBRS offense 11A (Rape), state victim demographics, 2023",2026-10-02
UT,20-29,412,https://cde.ucr.cjis.gov/LATEST/webapp/#/pages/explorer/crime/crime-trend,"FBI Crime Data Explorer, NIBRS offense 11A (Rape), state victim demographics, 2023",2026-10-02
UT,30-39,309,https://cde.ucr.cjis.gov/LATEST/webapp/#/pages/explorer/crime/crime-trend,"FBI Crime Data Explorer, NIBRS offense 11A (Rape), state victim demographics, 2023",2026-10-02
UT,40-49,155,https://cde.ucr.cjis.gov/LATEST/webapp/#/pages/explorer/crime/crime-trend,"FBI Crime Data Explorer, NIBRS offense 11A (Rape), state victim demographics, 2023",2026-10-02
UT,50+,90,https://cde.ucr.cjis.gov/LATEST/webapp/#/pages/explorer/crime/crime-trend,"FBI Crime Data Explorer, NIBRS offense 11A (Rape), state victim demographics, 2023",2026-10-02
UT,Unknown,13,https://cde.ucr.cjis.gov/LATEST/webapp/#/pages/explorer/crime/crime-trend,"FBI Crime Data Explorer, NIBRS offense 11A (Rape), state victim demographics, 2023",2026-10-02
VT,0-9,10,https://cde.ucr.cjis.gov/LATEST/webapp/#/pages/explorer/crime/crime-trend,"FBI Crime Data Explorer, NIBRS offense 11A (Rape), state victim demographics, 2023",2026-10-02
VT,10-19,121,https://cde.ucr.cjis.gov/LATEST/webapp/#/pages/explorer/crime/crime-trend,"FBI Crime Data Explorer, NIBRS offense 11A (Rape), state victim demographics, 2023",2026-10-02
VT,20-29,32,https://cde.ucr.cjis.gov/LATEST/webapp/#/pages/explorer/crime/crime-trend,"FBI Crime Data Explorer, NIBRS offense 11A (Rape), state victim demographics, 2023",2026-10-02
VT,30-39,30,https://cde.ucr.cjis.gov/LATEST/webapp/#/pages/explorer/crime/crime-trend,"FBI Crime Data Explorer, NIBRS offense 11A (Rape), state victim demographics, 2023",2026-10-02
VT,40-49,17,https://cde.ucr.cjis.gov/LATEST/webapp/#/pages/explorer/crime/crime-trend,"FBI Crime Data Explorer, NIBRS offense 11A (Rape), state victim demographics, 2023",2026-10-02
VT,50+,6,https://cde.ucr.cjis.gov/LATEST/webapp/#/pages/explorer/crime/crime-trend,"FBI Crime Data Explorer, NIBRS offense 11A (Rape), state victim demographics, 2023",2026-10-02
VT,Unknown,0,https://cde.ucr.cjis.gov/LATEST/webapp/#/pages/explorer/crime/crime-trend,"FBI Crime Data Explorer, NIBRS offense 11A (Rape), state victim demographics, 2023",2026-10-02
VA,0-9,79,https://cde.ucr.cjis.gov/LATEST/webapp/#/pages/explorer/crime/crime-trend,"FBI Crime Data Explorer, NIBRS offense 11A (Rape), state victim demographics, 2023",2026-10-02
VA,10-19,775,https://cde.ucr.cjis.gov/LATEST/webapp/#/pages/explorer/crime/crime-trend,"FBI Crime Data Explorer, NIBRS offense 11A (Rape), state victim demographics, 2023",2026-10-02
VA,20-29,452,https://cde.ucr.cjis.gov/LATEST/webapp/#/pages/explorer/crime/crime-trend,"FBI Crime Data Explorer, NIBRS offense 11A (Rape), state victim demographics, 2023",2026-10-02
VA,30-39,293,https://cde.ucr.cjis.gov/LATEST/webapp/#/pages/explorer/crime/crime-trend,"FBI Crime Data Explorer, NIBRS offense 11A (Rape), state victim demographics, 2023",2026-10-02
VA,40-49,151,https://cde.ucr.cjis.gov/LATEST/webapp/#/pages/explorer/crime/crime-trend,"FBI Crime Data Explorer, NIBRS offense 11A (Rape), state victim demographics, 2023",2026-10-02
VA,50+,118,https://cde.ucr.cjis.gov/LATEST/webapp/#/pages/explorer/crime/crime-trend,"FBI Crime Data Explorer, NIBRS offense 11A (Rape), state victim demographics, 2023",2026-10-02
VA,Unknown,7,https://cde.ucr.cjis.gov/LATEST/webapp/#/pages/explorer/crime/crime-trend,"FBI Crime Data Explorer, NIBRS offense 11A (Rape), state victim demographics, 2023",2026-10-02
WA,0-9,140,https://cde.ucr.cjis.gov/LATEST/webapp/#/pages/explorer/crime/crime-trend,"FBI Crime Data Explorer, NIBRS offense 11A (Rape), state victim demographics, 2023",2026-10-02
WA,10-19,1100,https://cde.ucr.cjis.gov/LATEST/webapp/#/pages/explorer/crime/crime-trend,"FBI Crime Data Explorer, NIBRS offense 11A (Rape), state victim demographics, 2023",2026-10-02
WA,20-29,599,https://cde.ucr.cjis.gov/LATEST/webapp/#/pages/explorer/crime/crime-trend,"FBI Crime Data Explorer, NIBRS offense 11A (Rape), state victim demographics, 2023",2026-10-02
WA,30-39,435,https://cde.ucr.cjis.gov/LATEST/webapp/#/pages/explorer/crime/crime-trend,"FBI Crime Data Explorer, NIBRS offense 11A (Rape), state victim demographics, 2023",2026-10-02
WA,40-49,261,https://cde.ucr.cjis.gov/LATEST/webapp/#/pages/explorer/crime/crime-trend,"FBI Crime Data Explorer, NIBRS offense 11A (Rape), state victim demographics, 2023",2026-10-02
WA,50+,172,https://cde.ucr.cjis.gov/LATEST/webapp/#/pages/explorer/crime/crime-trend,"FBI Crime Data Explorer, NIBRS offense 11A (Rape), state victim demographics, 2023",2026-10-02
WA,Unknown,16,https://cde.ucr.cjis.gov/LATEST/webapp/#/pages/explorer/crime/crime-trend,"FBI Crime Data Explorer, NIBRS offense 11A (Rape), state victim demographics, 2023",2026-10-02
WV,0-9,97,https://cde.ucr.cjis.gov/LATEST/webapp/#/pages/explorer/crime/crime-trend,"FBI Crime Data Explorer, NIBRS offense 11A (Rape), state victim demographics, 2023",2026-10-02
WV,10-19,373,https://cde.ucr.cjis.gov/LATEST/webapp/#/pages/explorer/crime/crime-trend,"FBI Crime Data Explorer, NIBRS offense 11A (Rape), state victim demographics, 2023",2026-10-02
WV,20-29,114,https://cde.ucr.cjis.gov/LATEST/webapp/#/pages/explorer/crime/crime-trend,"FBI Crime Data Explorer, NIBRS offense 11A (Rape), state victim demographics, 2023",2026-10-02
WV,30-39,72,https://cde.ucr.cjis.gov/LATEST/webapp/#/pages/explorer/crime/crime-trend,"FBI Crime Data Explorer, NIBRS offense 11A (Rape), state victim demographics, 2023",2026-10-02
WV,40-49,45,https://cde.ucr.cjis.gov/LATEST/webapp/#/pages/explorer/crime/crime-trend,"FBI Crime Data Explorer, NIBRS offense 11A (Rape), state victim demographics, 2023",2026-10-02
WV,50+,35,https://cde.ucr.cjis.gov/LATEST/webapp/#/pages/explorer/crime/crime-trend,"FBI Crime Data Explorer, NIBRS offense 11A (Rape), state victim demographics, 2023",2026-10-02
WV,Unknown,9,https://cde.ucr.cjis.gov/LATEST/webapp/#/pages/explorer/crime/crime-trend,"FBI Crime Data Explorer, NIBRS offense 11A (Rape), state victim demographics, 2023",2026-10-02
WI,0-9,166,https://cde.ucr.cjis.gov/LATEST/webapp/#/pages/explorer/crime/crime-trend,"FBI Crime Data Explorer, NIBRS offense 11A (Rape), state victim demographics, 2023",2026-10-02
WI,10-19,849,https://cde.ucr.cjis.gov/LATEST/webapp/#/pages/explorer/crime/crime-trend,"FBI Crime Data Explorer, NIBRS offense 11A (Rape), state victim demographics, 2023",2026-10-02
WI,20-29,354,https://cde.ucr.cjis.gov/LATEST/webapp/#/pages/explorer/crime/crime-trend,"FBI Crime Data Explorer, NIBRS offense 11A (Rape), state victim demographics, 2023",2026-10-02
WI,30-39,244,https://cde.ucr.cjis.gov/LATEST/webapp/#/pages/explorer/crime/crime-trend,"FBI Crime Data Explorer, NIBRS offense 11A (Rape), state victim demographics, 2023",2026-10-02
WI,40-49,125,https://cde.ucr.cjis.gov/LATEST/webapp/#/pages/explorer/crime/crime-trend,"FBI Crime Data Explorer, NIBRS offense 11A (Rape), state victim demographics, 2023",2026-10-02
WI,50+,66,https://cde.ucr.cjis.gov/LATEST/webapp/#/pages/explorer/crime/crime-trend,"FBI Crime Data Explorer, NIBRS offense 11A (Rape), state victim demographics, 2023",2026-10-02
WI,Unknown,3,https://cde.ucr.cjis.gov/LATEST/webapp/#/pages/explorer/crime/crime-trend,"FBI Crime Data Explorer, NIBRS offense 11A (Rape), state victim demographics, 2023",2026-10-02
WY,0-9,30,https://cde.ucr.cjis.gov/LATEST/webapp/#/pages/explorer/crime/crime-trend,"FBI Crime Data Explorer, NIBRS offense 11A (Rape), state victim demographics, 2023",2026-10-02
WY,10-19,134,https://cde.ucr.cjis.gov/LATEST/webapp/#/pages/explorer/crime/crime-trend,"FBI Crime Data Explorer, NIBRS offense 11A (Rape), state victim demographics, 2023",2026-10-02
WY,20-29,47,https://cde.ucr.cjis.gov/LATEST/webapp/#/pages/explorer/crime/crime-trend,"FBI Crime Data Explorer, NIBRS offense 11A (Rape), state victim demographics, 2023",2026-10-02
WY,30-39,30,https://cde.ucr.cjis.gov/LATEST/webapp/#/pages/explorer/crime/crime-trend,"FBI Crime Data Explorer, NIBRS offense 11A (Rape), state victim demographics, 2023",2026-10-02
WY,40-49,12,https://cde.ucr.cjis.gov/LATEST/webapp/#/pages/explorer/crime/crime-trend,"FBI Crime Data Explorer, NIBRS offense 11A (Rape), state victim demographics, 2023",2026-10-02
WY,50+,4,https://cde.ucr.cjis.gov/LATEST/webapp/#/pages/explorer/crime/crime-trend,"FBI Crime Data Explorer, NIBRS offense 11A (Rape), state victim demographics, 2023",2026-10-02
WY,Unknown,0,https://cde.ucr.cjis.gov/LATEST/webapp/#/pages/explorer/crime/crime-trend,"FBI Crime Data Explorer, NIBRS offense 11A (Rape), state victim demographics, 2023",2026-10-02
