state,rape_count_2023,rape_rate_per_100k_2023,reliable_estimate,source_url,source_name,report_date
U.S. total,134420,40.1,TRUE,https://bjs.ojp.gov/document/ckle23.pdf,BJS Crime Known to Law Enforcement 2023 (NCJ 310188) Table 3,2025-11
Alabama,1780,34.9,TRUE,https://bjs.ojp.gov/document/ckle23.pdf,BJS Crime Known to Law Enforcement 2023 (NCJ 310188) Table 3,2025-11
Alaska,,,FALSE,https://bjs.ojp.gov/document/ckle23.pdf,BJS Crime Known to Law Enforcement 2023 (NCJ 310188) Table 3,2025-11
Arizona,,,FALSE,https://bjs.ojp.gov/document/ckle23.pdf,BJS Crime Known to Law Enforcement 2023 (NCJ 310188) Table 3,2025-11
Arkansas,2180,71.1,TRUE,https://bjs.ojp.gov/document/ckle23.pdf,BJS Crime Known to Law Enforcement 2023 (NCJ 310188) Table 3,2025-11
California,15360,39.4,TRUE,https://bjs.ojp.gov/document/ckle23.pdf,BJS Crime Known to Law Enforcement 2023 (NCJ 310188) Table 3,2025-11
Colorado,3530,60.0,TRUE,https://bjs.ojp.gov/document/ckle23.pdf,BJS Crime Known to Law Enforcement 2023 (NCJ 310188) Table 3,2025-11
Connecticut,740,20.4,TRUE,https://bjs.ojp.gov/document/ckle23.pdf,BJS Crime Known to Law Enforcement 2023 (NCJ 310188) Table 3,2025-11
Delaware,210,20.5,TRUE,https://bjs.ojp.gov/document/ckle23.pdf,BJS Crime Known to Law Enforcement 2023 (NCJ 310188) Table 3,2025-11
Florida,8920,39.4,TRUE,https://bjs.ojp.gov/document/ckle23.pdf,BJS Crime Known to Law Enforcement 2023 (NCJ 310188) Table 3,2025-11
Georgia,3760,34.1,TRUE,https://bjs.ojp.gov/document/ckle23.pdf,BJS Crime Known to Law Enforcement 2023 (NCJ 310188) Table 3,2025-11
Hawaii,,,FALSE,https://bjs.ojp.gov/document/ckle23.pdf,BJS Crime Known to Law Enforcement 2023 (NCJ 310188) Table 3,2025-11
Idaho,910,46.5,TRUE,https://bjs.ojp.gov/document/ckle23.pdf,BJS Crime Known to Law Enforcement 2023 (NCJ 310188) Table 3,2025-11
Illinois,5550,44.2,TRUE,https://bjs.ojp.gov/document/ckle23.pdf,BJS Crime Known to Law Enforcement 2023 (NCJ 310188) Table 3,2025-11
Indiana,2420,35.2,TRUE,https://bjs.ojp.gov/document/ckle23.pdf,BJS Crime Known to Law Enforcement 2023 (NCJ 310188) Table 3,2025-11
Iowa,1340,41.7,TRUE,https://bjs.ojp.gov/document/ckle23.pdf,BJS Crime Known to Law Enforcement 2023 (NCJ 310188) Table 3,2025-11
Kansas,1470,50.1,TRUE,https://bjs.ojp.gov/document/ckle23.pdf,BJS Crime Known to Law Enforcement 2023 (NCJ 310188) Table 3,2025-11
Kentucky,1670,36.8,TRUE,https://bjs.ojp.gov/document/ckle23.pdf,BJS Crime Known to Law Enforcement 2023 (NCJ 310188) Table 3,2025-11
Louisiana,2350,51.5,TRUE,https://bjs.ojp.gov/document/ckle23.pdf,BJS Crime Known to Law Enforcement 2023 (NCJ 310188) Table 3,2025-11
Maine,420,30.3,TRUE,https://bjs.ojp.gov/document/ckle23.pdf,BJS Crime Known to Law Enforcement 2023 (NCJ 310188) Table 3,2025-11
Maryland,2100,33.9,TRUE,https://bjs.ojp.gov/document/ckle23.pdf,BJS Crime Known to Law Enforcement 2023 (NCJ 310188) Table 3,2025-11
Massachusetts,2030,29.1,TRUE,https://bjs.ojp.gov/document/ckle23.pdf,BJS Crime Known to Law Enforcement 2023 (NCJ 310188) Table 3,2025-11
Michigan,6050,60.3,TRUE,https://bjs.ojp.gov/document/ckle23.pdf,BJS Crime Known to Law Enforcement 2023 (NCJ 310188) Table 3,2025-11
Minnesota,2060,35.9,TRUE,https://bjs.ojp.gov/document/ckle23.pdf,BJS Crime Known to Law Enforcement 2023 (NCJ 310188) Table 3,2025-11
Mississippi,1030,35.0,TRUE,https://bjs.ojp.gov/document/ckle23.pdf,BJS Crime Known to Law Enforcement 2023 (NCJ 310188) Table 3,2025-11
Missouri,3100,50.1,TRUE,https://bjs.ojp.gov/document/ckle23.pdf,BJS Crime Known to Law Enforcement 2023 (NCJ 310188) Table 3,2025-11
Montana,640,56.1,TRUE,https://bjs.ojp.gov/document/ckle23.pdf,BJS Crime Known to Law Enforcement 2023 (NCJ 310188) Table 3,2025-11
Nebraska,1010,51.2,TRUE,https://bjs.ojp.gov/document/ckle23.pdf,BJS Crime Known to Law Enforcement 2023 (NCJ 310188) Table 3,2025-11
Nevada,1600,50.0,TRUE,https://bjs.ojp.gov/document/ckle23.pdf,BJS Crime Known to Law Enforcement 2023 (NCJ 310188) Table 3,2025-11
New Hampshire,520,37.0,TRUE,https://bjs.ojp.gov/document/ckle23.pdf,BJS Crime Known to Law Enforcement 2023 (NCJ 310188) Table 3,2025-11
New Jersey,1730,18.7,TRUE,https://bjs.ojp.gov/document/ckle23.pdf,BJS Crime Known to Law Enforcement 2023 (NCJ 310188) Table 3,2025-11
New Mexico,1130,53.2,TRUE,https://bjs.ojp.gov/document/ckle23.pdf,BJS Crime Known to Law Enforcement 2023 (NCJ 310188) Table 3,2025-11
New York,4350,22.2,TRUE,https://bjs.ojp.gov/document/ckle23.pdf,BJS Crime Known to Law Enforcement 2023 (NCJ 310188) Table 3,2025-11
North Carolina,3320,30.6,TRUE,https://bjs.ojp.gov/document/ckle23.pdf,BJS Crime Known to Law Enforcement 2023 (NCJ 310188) Table 3,2025-11
North Dakota,400,51.2,TRUE,https://bjs.ojp.gov/document/ckle23.pdf,BJS Crime Known to Law Enforcement 2023 (NCJ 310188) Table 3,2025-11
Ohio,5940,47.4,TRUE,https://bjs.ojp.gov/document/ckle23.pdf,BJS Crime Known to Law Enforcement 2023 (NCJ 310188) Table 3,2025-11
Oklahoma,2450,60.4,TRUE,https://bjs.ojp.gov/document/ckle23.pdf,BJS Crime Known to Law Enforcement 2023 (NCJ 310188) Table 3,2025-11
Oregon,1830,43.2,TRUE,https://bjs.ojp.gov/document/ckle23.pdf,BJS Crime Known to Law Enforcement 2023 (NCJ 310188) Table 3,2025-11
Pennsylvania,,,FALSE,https://bjs.ojp.gov/document/ckle23.pdf,BJS Crime Known to Law Enforcement 2023 (NCJ 310188) Table 3,2025-11
Rhode Island,400,36.8,TRUE,https://bjs.ojp.gov/document/ckle23.pdf,BJS Crime Known to Law Enforcement 2023 (NCJ 310188) Table 3,2025-11
South Carolina,2050,38.1,TRUE,https://bjs.ojp.gov/document/ckle23.pdf,BJS Crime Known to Law Enforcement 2023 (NCJ 310188) Table 3,2025-11
South Dakota,470,51.0,TRUE,https://bjs.ojp.gov/document/ckle23.pdf,BJS Crime Known to Law Enforcement 2023 (NCJ 310188) Table 3,2025-11
Tennessee,2790,39.2,TRUE,https://bjs.ojp.gov/document/ckle23.pdf,BJS Crime Known to Law Enforcement 2023 (NCJ 310188) Table 3,2025-11
Texas,15880,52.1,TRUE,https://bjs.ojp.gov/document/ckle23.pdf,BJS Crime Known to Law Enforcement 2023 (NCJ 310188) Table 3,2025-11
Utah,1910,56.0,TRUE,https://bjs.ojp.gov/document/ckle23.pdf,BJS Crime Known to Law Enforcement 2023 (NCJ 310188) Table 3,2025-11
Vermont,200,30.5,TRUE,https://bjs.ojp.gov/document/ckle23.pdf,BJS Crime Known to Law Enforcement 2023 (NCJ 310188) Table 3,2025-11
Virginia,2700,31.0,TRUE,https://bjs.ojp.gov/document/ckle23.pdf,BJS Crime Known to Law Enforcement 2023 (NCJ 310188) Table 3,2025-11
Washington,2970,38.0,TRUE,https://bjs.ojp.gov/document/ckle23.pdf,BJS Crime Known to Law Enforcement 2023 (NCJ 310188) Table 3,2025-11
West Virginia,980,55.6,TRUE,https://bjs.ojp.gov/document/ckle23.pdf,BJS Crime Known to Law Enforcement 2023 (NCJ 310188) Table 3,2025-11
Wisconsin,2230,37.7,TRUE,https://bjs.ojp.gov/document/ckle23.pdf,BJS Crime Known to Law Enforcement 2023 (NCJ 310188) Table 3,2025-11
Wyoming,300,52.0,TRUE,https://bjs.ojp.gov/document/ckle23.pdf,BJS Crime Known to Law Enforcement 2023 (NCJ 310188) Table 3,2025-11
