state_abbr,relationship_group,victim_count_2023,source_url,source_name,pulled_date
AL,Other family member,180,https://cde.ucr.cjis.gov/LATEST/webapp/#/pages/explorer/crime/crime-trend,"FBI Crime Data Explorer, NIBRS offense 11A (Rape), state victim demographics, 2023",2026-10-02
AL,Acquaintance / friend,502,https://cde.ucr.cjis.gov/LATEST/webapp/#/pages/explorer/crime/crime-trend,"FBI Crime Data Explorer, NIBRS offense 11A (Rape), state victim demographics, 2023",2026-10-02
AL,Intimate partner,194,https://cde.ucr.cjis.gov/LATEST/webapp/#/pages/explorer/crime/crime-trend,"FBI Crime Data Explorer, NIBRS offense 11A (Rape), state victim demographics, 2023",2026-10-02
AL,Unknown,125,https://cde.ucr.cjis.gov/LATEST/webapp/#/pages/explorer/crime/crime-trend,"FBI Crime Data Explorer, NIBRS offense 11A (Rape), state victim demographics, 2023",2026-10-02
AL,Stranger,62,https://cde.ucr.cjis.gov/LATEST/webapp/#/pages/explorer/crime/crime-trend,"FBI Crime Data Explorer, NIBRS offense 11A (Rape), state victim demographics, 2023",2026-10-02
AK,Other family member,78,https://cde.ucr.cjis.gov/LATEST/webapp/#/pages/explorer/crime/crime-trend,"FBI Crime Data Explorer, NIBRS offense 11A (Rape), state victim demographics, 2023",2026-10-02
AK,Acquaintance / friend,158,https://cde.ucr.cjis.gov/LATEST/webapp/#/pages/explorer/crime/crime-trend,"FBI Crime Data Explorer, NIBRS offense 11A (Rape), state victim demographics, 2023",2026-10-02
AK,Intimate partner,49,https://cde.ucr.cjis.gov/LATEST/webapp/#/pages/explorer/crime/crime-trend,"FBI Crime Data Explorer, NIBRS offense 11A (Rape), state victim demographics, 2023",2026-10-02
AK,Unknown,45,https://cde.ucr.cjis.gov/LATEST/webapp/#/pages/explorer/crime/crime-trend,"FBI Crime Data Explorer, NIBRS offense 11A (Rape), state victim demographics, 2023",2026-10-02
AK,Stranger,18,https://cde.ucr.cjis.gov/LATEST/webapp/#/pages/explorer/crime/crime-trend,"FBI Crime Data Explorer, NIBRS offense 11A (Rape), state victim demographics, 2023",2026-10-02
AZ,Other family member,180,https://cde.ucr.cjis.gov/LATEST/webapp/#/pages/explorer/crime/crime-trend,"FBI Crime Data Explorer, NIBRS offense 11A (Rape), state victim demographics, 2023",2026-10-02
AZ,Acquaintance / friend,485,https://cde.ucr.cjis.gov/LATEST/webapp/#/pages/explorer/crime/crime-trend,"FBI Crime Data Explorer, NIBRS offense 11A (Rape), state victim demographics, 2023",2026-10-02
AZ,Intimate partner,268,https://cde.ucr.cjis.gov/LATEST/webapp/#/pages/explorer/crime/crime-trend,"FBI Crime Data Explorer, NIBRS offense 11A (Rape), state victim demographics, 2023",2026-10-02
AZ,Unknown,207,https://cde.ucr.cjis.gov/LATEST/webapp/#/pages/explorer/crime/crime-trend,"FBI Crime Data Explorer, NIBRS offense 11A (Rape), state victim demographics, 2023",2026-10-02
AZ,Stranger,128,https://cde.ucr.cjis.gov/LATEST/webapp/#/pages/explorer/crime/crime-trend,"FBI Crime Data Explorer, NIBRS offense 11A (Rape), state victim demographics, 2023",2026-10-02
AR,Other family member,320,https://cde.ucr.cjis.gov/LATEST/webapp/#/pages/explorer/crime/crime-trend,"FBI Crime Data Explorer, NIBRS offense 11A (Rape), state victim demographics, 2023",2026-10-02
AR,Acquaintance / friend,499,https://cde.ucr.cjis.gov/LATEST/webapp/#/pages/explorer/crime/crime-trend,"FBI Crime Data Explorer, NIBRS offense 11A (Rape), state victim demographics, 2023",2026-10-02
AR,Intimate partner,194,https://cde.ucr.cjis.gov/LATEST/webapp/#/pages/explorer/crime/crime-trend,"FBI Crime Data Explorer, NIBRS offense 11A (Rape), state victim demographics, 2023",2026-10-02
AR,Unknown,637,https://cde.ucr.cjis.gov/LATEST/webapp/#/pages/explorer/crime/crime-trend,"FBI Crime Data Explorer, NIBRS offense 11A (Rape), state victim demographics, 2023",2026-10-02
AR,Stranger,53,https://cde.ucr.cjis.gov/LATEST/webapp/#/pages/explorer/crime/crime-trend,"FBI Crime Data Explorer, NIBRS offense 11A (Rape), state victim demographics, 2023",2026-10-02
CA,Other family member,1170,https://cde.ucr.cjis.gov/LATEST/webapp/#/pages/explorer/crime/crime-trend,"FBI Crime Data Explorer, NIBRS offense 11A (Rape), state victim demographics, 2023",2026-10-02
CA,Acquaintance / friend,2260,https://cde.ucr.cjis.gov/LATEST/webapp/#/pages/explorer/crime/crime-trend,"FBI Crime Data Explorer, NIBRS offense 11A (Rape), state victim demographics, 2023",2026-10-02
CA,Intimate partner,1348,https://cde.ucr.cjis.gov/LATEST/webapp/#/pages/explorer/crime/crime-trend,"FBI Crime Data Explorer, NIBRS offense 11A (Rape), state victim demographics, 2023",2026-10-02
CA,Unknown,1133,https://cde.ucr.cjis.gov/LATEST/webapp/#/pages/explorer/crime/crime-trend,"FBI Crime Data Explorer, NIBRS offense 11A (Rape), state victim demographics, 2023",2026-10-02
CA,Stranger,544,https://cde.ucr.cjis.gov/LATEST/webapp/#/pages/explorer/crime/crime-trend,"FBI Crime Data Explorer, NIBRS offense 11A (Rape), state victim demographics, 2023",2026-10-02
CO,Other family member,401,https://cde.ucr.cjis.gov/LATEST/webapp/#/pages/explorer/crime/crime-trend,"FBI Crime Data Explorer, NIBRS offense 11A (Rape), state victim demographics, 2023",2026-10-02
CO,Acquaintance / friend,983,https://cde.ucr.cjis.gov/LATEST/webapp/#/pages/explorer/crime/crime-trend,"FBI Crime Data Explorer, NIBRS offense 11A (Rape), state victim demographics, 2023",2026-10-02
CO,Intimate partner,597,https://cde.ucr.cjis.gov/LATEST/webapp/#/pages/explorer/crime/crime-trend,"FBI Crime Data Explorer, NIBRS offense 11A (Rape), state victim demographics, 2023",2026-10-02
CO,Unknown,631,https://cde.ucr.cjis.gov/LATEST/webapp/#/pages/explorer/crime/crime-trend,"FBI Crime Data Explorer, NIBRS offense 11A (Rape), state victim demographics, 2023",2026-10-02
CO,Stranger,246,https://cde.ucr.cjis.gov/LATEST/webapp/#/pages/explorer/crime/crime-trend,"FBI Crime Data Explorer, NIBRS offense 11A (Rape), state victim demographics, 2023",2026-10-02
CT,Other family member,120,https://cde.ucr.cjis.gov/LATEST/webapp/#/pages/explorer/crime/crime-trend,"FBI Crime Data Explorer, NIBRS offense 11A (Rape), state victim demographics, 2023",2026-10-02
CT,Acquaintance / friend,174,https://cde.ucr.cjis.gov/LATEST/webapp/#/pages/explorer/crime/crime-trend,"FBI Crime Data Explorer, NIBRS offense 11A (Rape), state victim demographics, 2023",2026-10-02
CT,Intimate partner,106,https://cde.ucr.cjis.gov/LATEST/webapp/#/pages/explorer/crime/crime-trend,"FBI Crime Data Explorer, NIBRS offense 11A (Rape), state victim demographics, 2023",2026-10-02
CT,Unknown,82,https://cde.ucr.cjis.gov/LATEST/webapp/#/pages/explorer/crime/crime-trend,"FBI Crime Data Explorer, NIBRS offense 11A (Rape), state victim demographics, 2023",2026-10-02
CT,Stranger,16,https://cde.ucr.cjis.gov/LATEST/webapp/#/pages/explorer/crime/crime-trend,"FBI Crime Data Explorer, NIBRS offense 11A (Rape), state victim demographics, 2023",2026-10-02
DE,Other family member,29,https://cde.ucr.cjis.gov/LATEST/webapp/#/pages/explorer/crime/crime-trend,"FBI Crime Data Explorer, NIBRS offense 11A (Rape), state victim demographics, 2023",2026-10-02
DE,Acquaintance / friend,94,https://cde.ucr.cjis.gov/LATEST/webapp/#/pages/explorer/crime/crime-trend,"FBI Crime Data Explorer, NIBRS offense 11A (Rape), state victim demographics, 2023",2026-10-02
DE,Intimate partner,34,https://cde.ucr.cjis.gov/LATEST/webapp/#/pages/explorer/crime/crime-trend,"FBI Crime Data Explorer, NIBRS offense 11A (Rape), state victim demographics, 2023",2026-10-02
DE,Unknown,12,https://cde.ucr.cjis.gov/LATEST/webapp/#/pages/explorer/crime/crime-trend,"FBI Crime Data Explorer, NIBRS offense 11A (Rape), state victim demographics, 2023",2026-10-02
DE,Stranger,14,https://cde.ucr.cjis.gov/LATEST/webapp/#/pages/explorer/crime/crime-trend,"FBI Crime Data Explorer, NIBRS offense 11A (Rape), state victim demographics, 2023",2026-10-02
DC,Other family member,24,https://cde.ucr.cjis.gov/LATEST/webapp/#/pages/explorer/crime/crime-trend,"FBI Crime Data Explorer, NIBRS offense 11A (Rape), state victim demographics, 2023",2026-10-02
DC,Acquaintance / friend,132,https://cde.ucr.cjis.gov/LATEST/webapp/#/pages/explorer/crime/crime-trend,"FBI Crime Data Explorer, NIBRS offense 11A (Rape), state victim demographics, 2023",2026-10-02
DC,Intimate partner,36,https://cde.ucr.cjis.gov/LATEST/webapp/#/pages/explorer/crime/crime-trend,"FBI Crime Data Explorer, NIBRS offense 11A (Rape), state victim demographics, 2023",2026-10-02
DC,Unknown,9,https://cde.ucr.cjis.gov/LATEST/webapp/#/pages/explorer/crime/crime-trend,"FBI Crime Data Explorer, NIBRS offense 11A (Rape), state victim demographics, 2023",2026-10-02
DC,Stranger,30,https://cde.ucr.cjis.gov/LATEST/webapp/#/pages/explorer/crime/crime-trend,"FBI Crime Data Explorer, NIBRS offense 11A (Rape), state victim demographics, 2023",2026-10-02
FL,Other family member,599,https://cde.ucr.cjis.gov/LATEST/webapp/#/pages/explorer/crime/crime-trend,"FBI Crime Data Explorer, NIBRS offense 11A (Rape), state victim demographics, 2023",2026-10-02
FL,Acquaintance / friend,1401,https://cde.ucr.cjis.gov/LATEST/webapp/#/pages/explorer/crime/crime-trend,"FBI Crime Data Explorer, NIBRS offense 11A (Rape), state victim demographics, 2023",2026-10-02
FL,Intimate partner,361,https://cde.ucr.cjis.gov/LATEST/webapp/#/pages/explorer/crime/crime-trend,"FBI Crime Data Explorer, NIBRS offense 11A (Rape), state victim demographics, 2023",2026-10-02
FL,Unknown,507,https://cde.ucr.cjis.gov/LATEST/webapp/#/pages/explorer/crime/crime-trend,"FBI Crime Data Explorer, NIBRS offense 11A (Rape), state victim demographics, 2023",2026-10-02
FL,Stranger,305,https://cde.ucr.cjis.gov/LATEST/webapp/#/pages/explorer/crime/crime-trend,"FBI Crime Data Explorer, NIBRS offense 11A (Rape), state victim demographics, 2023",2026-10-02
GA,Other family member,208,https://cde.ucr.cjis.gov/LATEST/webapp/#/pages/explorer/crime/crime-trend,"FBI Crime Data Explorer, NIBRS offense 11A (Rape), state victim demographics, 2023",2026-10-02
GA,Acquaintance / friend,813,https://cde.ucr.cjis.gov/LATEST/webapp/#/pages/explorer/crime/crime-trend,"FBI Crime Data Explorer, NIBRS offense 11A (Rape), state victim demographics, 2023",2026-10-02
GA,Intimate partner,297,https://cde.ucr.cjis.gov/LATEST/webapp/#/pages/explorer/crime/crime-trend,"FBI Crime Data Explorer, NIBRS offense 11A (Rape), state victim demographics, 2023",2026-10-02
GA,Unknown,292,https://cde.ucr.cjis.gov/LATEST/webapp/#/pages/explorer/crime/crime-trend,"FBI Crime Data Explorer, NIBRS offense 11A (Rape), state victim demographics, 2023",2026-10-02
GA,Stranger,108,https://cde.ucr.cjis.gov/LATEST/webapp/#/pages/explorer/crime/crime-trend,"FBI Crime Data Explorer, NIBRS offense 11A (Rape), state victim demographics, 2023",2026-10-02
HI,Other family member,101,https://cde.ucr.cjis.gov/LATEST/webapp/#/pages/explorer/crime/crime-trend,"FBI Crime Data Explorer, NIBRS offense 11A (Rape), state victim demographics, 2023",2026-10-02
HI,Acquaintance / friend,216,https://cde.ucr.cjis.gov/LATEST/webapp/#/pages/explorer/crime/crime-trend,"FBI Crime Data Explorer, NIBRS offense 11A (Rape), state victim demographics, 2023",2026-10-02
HI,Intimate partner,85,https://cde.ucr.cjis.gov/LATEST/webapp/#/pages/explorer/crime/crime-trend,"FBI Crime Data Explorer, NIBRS offense 11A (Rape), state victim demographics, 2023",2026-10-02
HI,Unknown,58,https://cde.ucr.cjis.gov/LATEST/webapp/#/pages/explorer/crime/crime-trend,"FBI Crime Data Explorer, NIBRS offense 11A (Rape), state victim demographics, 2023",2026-10-02
HI,Stranger,94,https://cde.ucr.cjis.gov/LATEST/webapp/#/pages/explorer/crime/crime-trend,"FBI Crime Data Explorer, NIBRS offense 11A (Rape), state victim demographics, 2023",2026-10-02
ID,Other family member,71,https://cde.ucr.cjis.gov/LATEST/webapp/#/pages/explorer/crime/crime-trend,"FBI Crime Data Explorer, NIBRS offense 11A (Rape), state victim demographics, 2023",2026-10-02
ID,Acquaintance / friend,306,https://cde.ucr.cjis.gov/LATEST/webapp/#/pages/explorer/crime/crime-trend,"FBI Crime Data Explorer, NIBRS offense 11A (Rape), state victim demographics, 2023",2026-10-02
ID,Intimate partner,177,https://cde.ucr.cjis.gov/LATEST/webapp/#/pages/explorer/crime/crime-trend,"FBI Crime Data Explorer, NIBRS offense 11A (Rape), state victim demographics, 2023",2026-10-02
ID,Unknown,43,https://cde.ucr.cjis.gov/LATEST/webapp/#/pages/explorer/crime/crime-trend,"FBI Crime Data Explorer, NIBRS offense 11A (Rape), state victim demographics, 2023",2026-10-02
ID,Stranger,39,https://cde.ucr.cjis.gov/LATEST/webapp/#/pages/explorer/crime/crime-trend,"FBI Crime Data Explorer, NIBRS offense 11A (Rape), state victim demographics, 2023",2026-10-02
IL,Other family member,832,https://cde.ucr.cjis.gov/LATEST/webapp/#/pages/explorer/crime/crime-trend,"FBI Crime Data Explorer, NIBRS offense 11A (Rape), state victim demographics, 2023",2026-10-02
IL,Acquaintance / friend,1650,https://cde.ucr.cjis.gov/LATEST/webapp/#/pages/explorer/crime/crime-trend,"FBI Crime Data Explorer, NIBRS offense 11A (Rape), state victim demographics, 2023",2026-10-02
IL,Intimate partner,789,https://cde.ucr.cjis.gov/LATEST/webapp/#/pages/explorer/crime/crime-trend,"FBI Crime Data Explorer, NIBRS offense 11A (Rape), state victim demographics, 2023",2026-10-02
IL,Unknown,638,https://cde.ucr.cjis.gov/LATEST/webapp/#/pages/explorer/crime/crime-trend,"FBI Crime Data Explorer, NIBRS offense 11A (Rape), state victim demographics, 2023",2026-10-02
IL,Stranger,408,https://cde.ucr.cjis.gov/LATEST/webapp/#/pages/explorer/crime/crime-trend,"FBI Crime Data Explorer, NIBRS offense 11A (Rape), state victim demographics, 2023",2026-10-02
IN,Other family member,281,https://cde.ucr.cjis.gov/LATEST/webapp/#/pages/explorer/crime/crime-trend,"FBI Crime Data Explorer, NIBRS offense 11A (Rape), state victim demographics, 2023",2026-10-02
IN,Acquaintance / friend,664,https://cde.ucr.cjis.gov/LATEST/webapp/#/pages/explorer/crime/crime-trend,"FBI Crime Data Explorer, NIBRS offense 11A (Rape), state victim demographics, 2023",2026-10-02
IN,Intimate partner,325,https://cde.ucr.cjis.gov/LATEST/webapp/#/pages/explorer/crime/crime-trend,"FBI Crime Data Explorer, NIBRS offense 11A (Rape), state victim demographics, 2023",2026-10-02
IN,Unknown,243,https://cde.ucr.cjis.gov/LATEST/webapp/#/pages/explorer/crime/crime-trend,"FBI Crime Data Explorer, NIBRS offense 11A (Rape), state victim demographics, 2023",2026-10-02
IN,Stranger,84,https://cde.ucr.cjis.gov/LATEST/webapp/#/pages/explorer/crime/crime-trend,"FBI Crime Data Explorer, NIBRS offense 11A (Rape), state victim demographics, 2023",2026-10-02
IA,Other family member,182,https://cde.ucr.cjis.gov/LATEST/webapp/#/pages/explorer/crime/crime-trend,"FBI Crime Data Explorer, NIBRS offense 11A (Rape), state victim demographics, 2023",2026-10-02
IA,Acquaintance / friend,470,https://cde.ucr.cjis.gov/LATEST/webapp/#/pages/explorer/crime/crime-trend,"FBI Crime Data Explorer, NIBRS offense 11A (Rape), state victim demographics, 2023",2026-10-02
IA,Intimate partner,160,https://cde.ucr.cjis.gov/LATEST/webapp/#/pages/explorer/crime/crime-trend,"FBI Crime Data Explorer, NIBRS offense 11A (Rape), state victim demographics, 2023",2026-10-02
IA,Unknown,69,https://cde.ucr.cjis.gov/LATEST/webapp/#/pages/explorer/crime/crime-trend,"FBI Crime Data Explorer, NIBRS offense 11A (Rape), state victim demographics, 2023",2026-10-02
IA,Stranger,59,https://cde.ucr.cjis.gov/LATEST/webapp/#/pages/explorer/crime/crime-trend,"FBI Crime Data Explorer, NIBRS offense 11A (Rape), state victim demographics, 2023",2026-10-02
KS,Other family member,155,https://cde.ucr.cjis.gov/LATEST/webapp/#/pages/explorer/crime/crime-trend,"FBI Crime Data Explorer, NIBRS offense 11A (Rape), state victim demographics, 2023",2026-10-02
KS,Acquaintance / friend,594,https://cde.ucr.cjis.gov/LATEST/webapp/#/pages/explorer/crime/crime-trend,"FBI Crime Data Explorer, NIBRS offense 11A (Rape), state victim demographics, 2023",2026-10-02
KS,Intimate partner,189,https://cde.ucr.cjis.gov/LATEST/webapp/#/pages/explorer/crime/crime-trend,"FBI Crime Data Explorer, NIBRS offense 11A (Rape), state victim demographics, 2023",2026-10-02
KS,Unknown,194,https://cde.ucr.cjis.gov/LATEST/webapp/#/pages/explorer/crime/crime-trend,"FBI Crime Data Explorer, NIBRS offense 11A (Rape), state victim demographics, 2023",2026-10-02
KS,Stranger,57,https://cde.ucr.cjis.gov/LATEST/webapp/#/pages/explorer/crime/crime-trend,"FBI Crime Data Explorer, NIBRS offense 11A (Rape), state victim demographics, 2023",2026-10-02
KY,Other family member,255,https://cde.ucr.cjis.gov/LATEST/webapp/#/pages/explorer/crime/crime-trend,"FBI Crime Data Explorer, NIBRS offense 11A (Rape), state victim demographics, 2023",2026-10-02
KY,Acquaintance / friend,536,https://cde.ucr.cjis.gov/LATEST/webapp/#/pages/explorer/crime/crime-trend,"FBI Crime Data Explorer, NIBRS offense 11A (Rape), state victim demographics, 2023",2026-10-02
KY,Intimate partner,241,https://cde.ucr.cjis.gov/LATEST/webapp/#/pages/explorer/crime/crime-trend,"FBI Crime Data Explorer, NIBRS offense 11A (Rape), state victim demographics, 2023",2026-10-02
KY,Unknown,88,https://cde.ucr.cjis.gov/LATEST/webapp/#/pages/explorer/crime/crime-trend,"FBI Crime Data Explorer, NIBRS offense 11A (Rape), state victim demographics, 2023",2026-10-02
KY,Stranger,217,https://cde.ucr.cjis.gov/LATEST/webapp/#/pages/explorer/crime/crime-trend,"FBI Crime Data Explorer, NIBRS offense 11A (Rape), state victim demographics, 2023",2026-10-02
LA,Other family member,242,https://cde.ucr.cjis.gov/LATEST/webapp/#/pages/explorer/crime/crime-trend,"FBI Crime Data Explorer, NIBRS offense 11A (Rape), state victim demographics, 2023",2026-10-02
LA,Acquaintance / friend,375,https://cde.ucr.cjis.gov/LATEST/webapp/#/pages/explorer/crime/crime-trend,"FBI Crime Data Explorer, NIBRS offense 11A (Rape), state victim demographics, 2023",2026-10-02
LA,Intimate partner,107,https://cde.ucr.cjis.gov/LATEST/webapp/#/pages/explorer/crime/crime-trend,"FBI Crime Data Explorer, NIBRS offense 11A (Rape), state victim demographics, 2023",2026-10-02
LA,Unknown,163,https://cde.ucr.cjis.gov/LATEST/webapp/#/pages/explorer/crime/crime-trend,"FBI Crime Data Explorer, NIBRS offense 11A (Rape), state victim demographics, 2023",2026-10-02
LA,Stranger,26,https://cde.ucr.cjis.gov/LATEST/webapp/#/pages/explorer/crime/crime-trend,"FBI Crime Data Explorer, NIBRS offense 11A (Rape), state victim demographics, 2023",2026-10-02
ME,Other family member,84,https://cde.ucr.cjis.gov/LATEST/webapp/#/pages/explorer/crime/crime-trend,"FBI Crime Data Explorer, NIBRS offense 11A (Rape), state victim demographics, 2023",2026-10-02
ME,Acquaintance / friend,155,https://cde.ucr.cjis.gov/LATEST/webapp/#/pages/explorer/crime/crime-trend,"FBI Crime Data Explorer, NIBRS offense 11A (Rape), state victim demographics, 2023",2026-10-02
ME,Intimate partner,80,https://cde.ucr.cjis.gov/LATEST/webapp/#/pages/explorer/crime/crime-trend,"FBI Crime Data Explorer, NIBRS offense 11A (Rape), state victim demographics, 2023",2026-10-02
ME,Unknown,9,https://cde.ucr.cjis.gov/LATEST/webapp/#/pages/explorer/crime/crime-trend,"FBI Crime Data Explorer, NIBRS offense 11A (Rape), state victim demographics, 2023",2026-10-02
ME,Stranger,19,https://cde.ucr.cjis.gov/LATEST/webapp/#/pages/explorer/crime/crime-trend,"FBI Crime Data Explorer, NIBRS offense 11A (Rape), state victim demographics, 2023",2026-10-02
MD,Other family member,273,https://cde.ucr.cjis.gov/LATEST/webapp/#/pages/explorer/crime/crime-trend,"FBI Crime Data Explorer, NIBRS offense 11A (Rape), state victim demographics, 2023",2026-10-02
MD,Acquaintance / friend,697,https://cde.ucr.cjis.gov/LATEST/webapp/#/pages/explorer/crime/crime-trend,"FBI Crime Data Explorer, NIBRS offense 11A (Rape), state victim demographics, 2023",2026-10-02
MD,Intimate partner,324,https://cde.ucr.cjis.gov/LATEST/webapp/#/pages/explorer/crime/crime-trend,"FBI Crime Data Explorer, NIBRS offense 11A (Rape), state victim demographics, 2023",2026-10-02
MD,Unknown,174,https://cde.ucr.cjis.gov/LATEST/webapp/#/pages/explorer/crime/crime-trend,"FBI Crime Data Explorer, NIBRS offense 11A (Rape), state victim demographics, 2023",2026-10-02
MD,Stranger,88,https://cde.ucr.cjis.gov/LATEST/webapp/#/pages/explorer/crime/crime-trend,"FBI Crime Data Explorer, NIBRS offense 11A (Rape), state victim demographics, 2023",2026-10-02
MA,Other family member,155,https://cde.ucr.cjis.gov/LATEST/webapp/#/pages/explorer/crime/crime-trend,"FBI Crime Data Explorer, NIBRS offense 11A (Rape), state victim demographics, 2023",2026-10-02
MA,Acquaintance / friend,563,https://cde.ucr.cjis.gov/LATEST/webapp/#/pages/explorer/crime/crime-trend,"FBI Crime Data Explorer, NIBRS offense 11A (Rape), state victim demographics, 2023",2026-10-02
MA,Intimate partner,342,https://cde.ucr.cjis.gov/LATEST/webapp/#/pages/explorer/crime/crime-trend,"FBI Crime Data Explorer, NIBRS offense 11A (Rape), state victim demographics, 2023",2026-10-02
MA,Unknown,175,https://cde.ucr.cjis.gov/LATEST/webapp/#/pages/explorer/crime/crime-trend,"FBI Crime Data Explorer, NIBRS offense 11A (Rape), state victim demographics, 2023",2026-10-02
MA,Stranger,94,https://cde.ucr.cjis.gov/LATEST/webapp/#/pages/explorer/crime/crime-trend,"FBI Crime Data Explorer, NIBRS offense 11A (Rape), state victim demographics, 2023",2026-10-02
MI,Other family member,1002,https://cde.ucr.cjis.gov/LATEST/webapp/#/pages/explorer/crime/crime-trend,"FBI Crime Data Explorer, NIBRS offense 11A (Rape), state victim demographics, 2023",2026-10-02
MI,Acquaintance / friend,2028,https://cde.ucr.cjis.gov/LATEST/webapp/#/pages/explorer/crime/crime-trend,"FBI Crime Data Explorer, NIBRS offense 11A (Rape), state victim demographics, 2023",2026-10-02
MI,Intimate partner,485,https://cde.ucr.cjis.gov/LATEST/webapp/#/pages/explorer/crime/crime-trend,"FBI Crime Data Explorer, NIBRS offense 11A (Rape), state victim demographics, 2023",2026-10-02
MI,Unknown,603,https://cde.ucr.cjis.gov/LATEST/webapp/#/pages/explorer/crime/crime-trend,"FBI Crime Data Explorer, NIBRS offense 11A (Rape), state victim demographics, 2023",2026-10-02
MI,Stranger,276,https://cde.ucr.cjis.gov/LATEST/webapp/#/pages/explorer/crime/crime-trend,"FBI Crime Data Explorer, NIBRS offense 11A (Rape), state victim demographics, 2023",2026-10-02
MN,Other family member,282,https://cde.ucr.cjis.gov/LATEST/webapp/#/pages/explorer/crime/crime-trend,"FBI Crime Data Explorer, NIBRS offense 11A (Rape), state victim demographics, 2023",2026-10-02
MN,Acquaintance / friend,797,https://cde.ucr.cjis.gov/LATEST/webapp/#/pages/explorer/crime/crime-trend,"FBI Crime Data Explorer, NIBRS offense 11A (Rape), state victim demographics, 2023",2026-10-02
MN,Intimate partner,362,https://cde.ucr.cjis.gov/LATEST/webapp/#/pages/explorer/crime/crime-trend,"FBI Crime Data Explorer, NIBRS offense 11A (Rape), state victim demographics, 2023",2026-10-02
MN,Unknown,312,https://cde.ucr.cjis.gov/LATEST/webapp/#/pages/explorer/crime/crime-trend,"FBI Crime Data Explorer, NIBRS offense 11A (Rape), state victim demographics, 2023",2026-10-02
MN,Stranger,76,https://cde.ucr.cjis.gov/LATEST/webapp/#/pages/explorer/crime/crime-trend,"FBI Crime Data Explorer, NIBRS offense 11A (Rape), state victim demographics, 2023",2026-10-02
MS,Other family member,84,https://cde.ucr.cjis.gov/LATEST/webapp/#/pages/explorer/crime/crime-trend,"FBI Crime Data Explorer, NIBRS offense 11A (Rape), state victim demographics, 2023",2026-10-02
MS,Acquaintance / friend,144,https://cde.ucr.cjis.gov/LATEST/webapp/#/pages/explorer/crime/crime-trend,"FBI Crime Data Explorer, NIBRS offense 11A (Rape), state victim demographics, 2023",2026-10-02
MS,Intimate partner,61,https://cde.ucr.cjis.gov/LATEST/webapp/#/pages/explorer/crime/crime-trend,"FBI Crime Data Explorer, NIBRS offense 11A (Rape), state victim demographics, 2023",2026-10-02
MS,Unknown,206,https://cde.ucr.cjis.gov/LATEST/webapp/#/pages/explorer/crime/crime-trend,"FBI Crime Data Explorer, NIBRS offense 11A (Rape), state victim demographics, 2023",2026-10-02
MS,Stranger,33,https://cde.ucr.cjis.gov/LATEST/webapp/#/pages/explorer/crime/crime-trend,"FBI Crime Data Explorer, NIBRS offense 11A (Rape), state victim demographics, 2023",2026-10-02
MO,Other family member,233,https://cde.ucr.cjis.gov/LATEST/webapp/#/pages/explorer/crime/crime-trend,"FBI Crime Data Explorer, NIBRS offense 11A (Rape), state victim demographics, 2023",2026-10-02
MO,Acquaintance / friend,680,https://cde.ucr.cjis.gov/LATEST/webapp/#/pages/explorer/crime/crime-trend,"FBI Crime Data Explorer, NIBRS offense 11A (Rape), state victim demographics, 2023",2026-10-02
MO,Intimate partner,389,https://cde.ucr.cjis.gov/LATEST/webapp/#/pages/explorer/crime/crime-trend,"FBI Crime Data Explorer, NIBRS offense 11A (Rape), state victim demographics, 2023",2026-10-02
MO,Unknown,282,https://cde.ucr.cjis.gov/LATEST/webapp/#/pages/explorer/crime/crime-trend,"FBI Crime Data Explorer, NIBRS offense 11A (Rape), state victim demographics, 2023",2026-10-02
MO,Stranger,143,https://cde.ucr.cjis.gov/LATEST/webapp/#/pages/explorer/crime/crime-trend,"FBI Crime Data Explorer, NIBRS offense 11A (Rape), state victim demographics, 2023",2026-10-02
MT,Other family member,78,https://cde.ucr.cjis.gov/LATEST/webapp/#/pages/explorer/crime/crime-trend,"FBI Crime Data Explorer, NIBRS offense 11A (Rape), state victim demographics, 2023",2026-10-02
MT,Acquaintance / friend,285,https://cde.ucr.cjis.gov/LATEST/webapp/#/pages/explorer/crime/crime-trend,"FBI Crime Data Explorer, NIBRS offense 11A (Rape), state victim demographics, 2023",2026-10-02
MT,Intimate partner,119,https://cde.ucr.cjis.gov/LATEST/webapp/#/pages/explorer/crime/crime-trend,"FBI Crime Data Explorer, NIBRS offense 11A (Rape), state victim demographics, 2023",2026-10-02
MT,Unknown,62,https://cde.ucr.cjis.gov/LATEST/webapp/#/pages/explorer/crime/crime-trend,"FBI Crime Data Explorer, NIBRS offense 11A (Rape), state victim demographics, 2023",2026-10-02
MT,Stranger,20,https://cde.ucr.cjis.gov/LATEST/webapp/#/pages/explorer/crime/crime-trend,"FBI Crime Data Explorer, NIBRS offense 11A (Rape), state victim demographics, 2023",2026-10-02
NE,Other family member,94,https://cde.ucr.cjis.gov/LATEST/webapp/#/pages/explorer/crime/crime-trend,"FBI Crime Data Explorer, NIBRS offense 11A (Rape), state victim demographics, 2023",2026-10-02
NE,Acquaintance / friend,254,https://cde.ucr.cjis.gov/LATEST/webapp/#/pages/explorer/crime/crime-trend,"FBI Crime Data Explorer, NIBRS offense 11A (Rape), state victim demographics, 2023",2026-10-02
NE,Intimate partner,147,https://cde.ucr.cjis.gov/LATEST/webapp/#/pages/explorer/crime/crime-trend,"FBI Crime Data Explorer, NIBRS offense 11A (Rape), state victim demographics, 2023",2026-10-02
NE,Unknown,101,https://cde.ucr.cjis.gov/LATEST/webapp/#/pages/explorer/crime/crime-trend,"FBI Crime Data Explorer, NIBRS offense 11A (Rape), state victim demographics, 2023",2026-10-02
NE,Stranger,33,https://cde.ucr.cjis.gov/LATEST/webapp/#/pages/explorer/crime/crime-trend,"FBI Crime Data Explorer, NIBRS offense 11A (Rape), state victim demographics, 2023",2026-10-02
NV,Other family member,321,https://cde.ucr.cjis.gov/LATEST/webapp/#/pages/explorer/crime/crime-trend,"FBI Crime Data Explorer, NIBRS offense 11A (Rape), state victim demographics, 2023",2026-10-02
NV,Acquaintance / friend,545,https://cde.ucr.cjis.gov/LATEST/webapp/#/pages/explorer/crime/crime-trend,"FBI Crime Data Explorer, NIBRS offense 11A (Rape), state victim demographics, 2023",2026-10-02
NV,Intimate partner,270,https://cde.ucr.cjis.gov/LATEST/webapp/#/pages/explorer/crime/crime-trend,"FBI Crime Data Explorer, NIBRS offense 11A (Rape), state victim demographics, 2023",2026-10-02
NV,Unknown,173,https://cde.ucr.cjis.gov/LATEST/webapp/#/pages/explorer/crime/crime-trend,"FBI Crime Data Explorer, NIBRS offense 11A (Rape), state victim demographics, 2023",2026-10-02
NV,Stranger,179,https://cde.ucr.cjis.gov/LATEST/webapp/#/pages/explorer/crime/crime-trend,"FBI Crime Data Explorer, NIBRS offense 11A (Rape), state victim demographics, 2023",2026-10-02
NH,Other family member,87,https://cde.ucr.cjis.gov/LATEST/webapp/#/pages/explorer/crime/crime-trend,"FBI Crime Data Explorer, NIBRS offense 11A (Rape), state victim demographics, 2023",2026-10-02
NH,Acquaintance / friend,163,https://cde.ucr.cjis.gov/LATEST/webapp/#/pages/explorer/crime/crime-trend,"FBI Crime Data Explorer, NIBRS offense 11A (Rape), state victim demographics, 2023",2026-10-02
NH,Intimate partner,118,https://cde.ucr.cjis.gov/LATEST/webapp/#/pages/explorer/crime/crime-trend,"FBI Crime Data Explorer, NIBRS offense 11A (Rape), state victim demographics, 2023",2026-10-02
NH,Unknown,23,https://cde.ucr.cjis.gov/LATEST/webapp/#/pages/explorer/crime/crime-trend,"FBI Crime Data Explorer, NIBRS offense 11A (Rape), state victim demographics, 2023",2026-10-02
NH,Stranger,14,https://cde.ucr.cjis.gov/LATEST/webapp/#/pages/explorer/crime/crime-trend,"FBI Crime Data Explorer, NIBRS offense 11A (Rape), state victim demographics, 2023",2026-10-02
NJ,Other family member,125,https://cde.ucr.cjis.gov/LATEST/webapp/#/pages/explorer/crime/crime-trend,"FBI Crime Data Explorer, NIBRS offense 11A (Rape), state victim demographics, 2023",2026-10-02
NJ,Acquaintance / friend,413,https://cde.ucr.cjis.gov/LATEST/webapp/#/pages/explorer/crime/crime-trend,"FBI Crime Data Explorer, NIBRS offense 11A (Rape), state victim demographics, 2023",2026-10-02
NJ,Intimate partner,202,https://cde.ucr.cjis.gov/LATEST/webapp/#/pages/explorer/crime/crime-trend,"FBI Crime Data Explorer, NIBRS offense 11A (Rape), state victim demographics, 2023",2026-10-02
NJ,Unknown,60,https://cde.ucr.cjis.gov/LATEST/webapp/#/pages/explorer/crime/crime-trend,"FBI Crime Data Explorer, NIBRS offense 11A (Rape), state victim demographics, 2023",2026-10-02
NJ,Stranger,68,https://cde.ucr.cjis.gov/LATEST/webapp/#/pages/explorer/crime/crime-trend,"FBI Crime Data Explorer, NIBRS offense 11A (Rape), state victim demographics, 2023",2026-10-02
NM,Other family member,173,https://cde.ucr.cjis.gov/LATEST/webapp/#/pages/explorer/crime/crime-trend,"FBI Crime Data Explorer, NIBRS offense 11A (Rape), state victim demographics, 2023",2026-10-02
NM,Acquaintance / friend,280,https://cde.ucr.cjis.gov/LATEST/webapp/#/pages/explorer/crime/crime-trend,"FBI Crime Data Explorer, NIBRS offense 11A (Rape), state victim demographics, 2023",2026-10-02
NM,Intimate partner,159,https://cde.ucr.cjis.gov/LATEST/webapp/#/pages/explorer/crime/crime-trend,"FBI Crime Data Explorer, NIBRS offense 11A (Rape), state victim demographics, 2023",2026-10-02
NM,Unknown,179,https://cde.ucr.cjis.gov/LATEST/webapp/#/pages/explorer/crime/crime-trend,"FBI Crime Data Explorer, NIBRS offense 11A (Rape), state victim demographics, 2023",2026-10-02
NM,Stranger,32,https://cde.ucr.cjis.gov/LATEST/webapp/#/pages/explorer/crime/crime-trend,"FBI Crime Data Explorer, NIBRS offense 11A (Rape), state victim demographics, 2023",2026-10-02
NY,Other family member,192,https://cde.ucr.cjis.gov/LATEST/webapp/#/pages/explorer/crime/crime-trend,"FBI Crime Data Explorer, NIBRS offense 11A (Rape), state victim demographics, 2023",2026-10-02
NY,Acquaintance / friend,918,https://cde.ucr.cjis.gov/LATEST/webapp/#/pages/explorer/crime/crime-trend,"FBI Crime Data Explorer, NIBRS offense 11A (Rape), state victim demographics, 2023",2026-10-02
NY,Intimate partner,600,https://cde.ucr.cjis.gov/LATEST/webapp/#/pages/explorer/crime/crime-trend,"FBI Crime Data Explorer, NIBRS offense 11A (Rape), state victim demographics, 2023",2026-10-02
NY,Unknown,191,https://cde.ucr.cjis.gov/LATEST/webapp/#/pages/explorer/crime/crime-trend,"FBI Crime Data Explorer, NIBRS offense 11A (Rape), state victim demographics, 2023",2026-10-02
NY,Stranger,247,https://cde.ucr.cjis.gov/LATEST/webapp/#/pages/explorer/crime/crime-trend,"FBI Crime Data Explorer, NIBRS offense 11A (Rape), state victim demographics, 2023",2026-10-02
NC,Other family member,345,https://cde.ucr.cjis.gov/LATEST/webapp/#/pages/explorer/crime/crime-trend,"FBI Crime Data Explorer, NIBRS offense 11A (Rape), state victim demographics, 2023",2026-10-02
NC,Acquaintance / friend,946,https://cde.ucr.cjis.gov/LATEST/webapp/#/pages/explorer/crime/crime-trend,"FBI Crime Data Explorer, NIBRS offense 11A (Rape), state victim demographics, 2023",2026-10-02
NC,Intimate partner,463,https://cde.ucr.cjis.gov/LATEST/webapp/#/pages/explorer/crime/crime-trend,"FBI Crime Data Explorer, NIBRS offense 11A (Rape), state victim demographics, 2023",2026-10-02
NC,Unknown,288,https://cde.ucr.cjis.gov/LATEST/webapp/#/pages/explorer/crime/crime-trend,"FBI Crime Data Explorer, NIBRS offense 11A (Rape), state victim demographics, 2023",2026-10-02
NC,Stranger,87,https://cde.ucr.cjis.gov/LATEST/webapp/#/pages/explorer/crime/crime-trend,"FBI Crime Data Explorer, NIBRS offense 11A (Rape), state victim demographics, 2023",2026-10-02
ND,Other family member,56,https://cde.ucr.cjis.gov/LATEST/webapp/#/pages/explorer/crime/crime-trend,"FBI Crime Data Explorer, NIBRS offense 11A (Rape), state victim demographics, 2023",2026-10-02
ND,Acquaintance / friend,170,https://cde.ucr.cjis.gov/LATEST/webapp/#/pages/explorer/crime/crime-trend,"FBI Crime Data Explorer, NIBRS offense 11A (Rape), state victim demographics, 2023",2026-10-02
ND,Intimate partner,52,https://cde.ucr.cjis.gov/LATEST/webapp/#/pages/explorer/crime/crime-trend,"FBI Crime Data Explorer, NIBRS offense 11A (Rape), state victim demographics, 2023",2026-10-02
ND,Unknown,26,https://cde.ucr.cjis.gov/LATEST/webapp/#/pages/explorer/crime/crime-trend,"FBI Crime Data Explorer, NIBRS offense 11A (Rape), state victim demographics, 2023",2026-10-02
ND,Stranger,18,https://cde.ucr.cjis.gov/LATEST/webapp/#/pages/explorer/crime/crime-trend,"FBI Crime Data Explorer, NIBRS offense 11A (Rape), state victim demographics, 2023",2026-10-02
OH,Other family member,1047,https://cde.ucr.cjis.gov/LATEST/webapp/#/pages/explorer/crime/crime-trend,"FBI Crime Data Explorer, NIBRS offense 11A (Rape), state victim demographics, 2023",2026-10-02
OH,Acquaintance / friend,2183,https://cde.ucr.cjis.gov/LATEST/webapp/#/pages/explorer/crime/crime-trend,"FBI Crime Data Explorer, NIBRS offense 11A (Rape), state victim demographics, 2023",2026-10-02
OH,Intimate partner,745,https://cde.ucr.cjis.gov/LATEST/webapp/#/pages/explorer/crime/crime-trend,"FBI Crime Data Explorer, NIBRS offense 11A (Rape), state victim demographics, 2023",2026-10-02
OH,Unknown,786,https://cde.ucr.cjis.gov/LATEST/webapp/#/pages/explorer/crime/crime-trend,"FBI Crime Data Explorer, NIBRS offense 11A (Rape), state victim demographics, 2023",2026-10-02
OH,Stranger,286,https://cde.ucr.cjis.gov/LATEST/webapp/#/pages/explorer/crime/crime-trend,"FBI Crime Data Explorer, NIBRS offense 11A (Rape), state victim demographics, 2023",2026-10-02
OK,Other family member,342,https://cde.ucr.cjis.gov/LATEST/webapp/#/pages/explorer/crime/crime-trend,"FBI Crime Data Explorer, NIBRS offense 11A (Rape), state victim demographics, 2023",2026-10-02
OK,Acquaintance / friend,943,https://cde.ucr.cjis.gov/LATEST/webapp/#/pages/explorer/crime/crime-trend,"FBI Crime Data Explorer, NIBRS offense 11A (Rape), state victim demographics, 2023",2026-10-02
OK,Intimate partner,247,https://cde.ucr.cjis.gov/LATEST/webapp/#/pages/explorer/crime/crime-trend,"FBI Crime Data Explorer, NIBRS offense 11A (Rape), state victim demographics, 2023",2026-10-02
OK,Unknown,171,https://cde.ucr.cjis.gov/LATEST/webapp/#/pages/explorer/crime/crime-trend,"FBI Crime Data Explorer, NIBRS offense 11A (Rape), state victim demographics, 2023",2026-10-02
OK,Stranger,273,https://cde.ucr.cjis.gov/LATEST/webapp/#/pages/explorer/crime/crime-trend,"FBI Crime Data Explorer, NIBRS offense 11A (Rape), state victim demographics, 2023",2026-10-02
OR,Other family member,166,https://cde.ucr.cjis.gov/LATEST/webapp/#/pages/explorer/crime/crime-trend,"FBI Crime Data Explorer, NIBRS offense 11A (Rape), state victim demographics, 2023",2026-10-02
OR,Acquaintance / friend,547,https://cde.ucr.cjis.gov/LATEST/webapp/#/pages/explorer/crime/crime-trend,"FBI Crime Data Explorer, NIBRS offense 11A (Rape), state victim demographics, 2023",2026-10-02
OR,Intimate partner,305,https://cde.ucr.cjis.gov/LATEST/webapp/#/pages/explorer/crime/crime-trend,"FBI Crime Data Explorer, NIBRS offense 11A (Rape), state victim demographics, 2023",2026-10-02
OR,Unknown,178,https://cde.ucr.cjis.gov/LATEST/webapp/#/pages/explorer/crime/crime-trend,"FBI Crime Data Explorer, NIBRS offense 11A (Rape), state victim demographics, 2023",2026-10-02
OR,Stranger,62,https://cde.ucr.cjis.gov/LATEST/webapp/#/pages/explorer/crime/crime-trend,"FBI Crime Data Explorer, NIBRS offense 11A (Rape), state victim demographics, 2023",2026-10-02
PA,Other family member,446,https://cde.ucr.cjis.gov/LATEST/webapp/#/pages/explorer/crime/crime-trend,"FBI Crime Data Explorer, NIBRS offense 11A (Rape), state victim demographics, 2023",2026-10-02
PA,Acquaintance / friend,799,https://cde.ucr.cjis.gov/LATEST/webapp/#/pages/explorer/crime/crime-trend,"FBI Crime Data Explorer, NIBRS offense 11A (Rape), state victim demographics, 2023",2026-10-02
PA,Intimate partner,359,https://cde.ucr.cjis.gov/LATEST/webapp/#/pages/explorer/crime/crime-trend,"FBI Crime Data Explorer, NIBRS offense 11A (Rape), state victim demographics, 2023",2026-10-02
PA,Unknown,244,https://cde.ucr.cjis.gov/LATEST/webapp/#/pages/explorer/crime/crime-trend,"FBI Crime Data Explorer, NIBRS offense 11A (Rape), state victim demographics, 2023",2026-10-02
PA,Stranger,147,https://cde.ucr.cjis.gov/LATEST/webapp/#/pages/explorer/crime/crime-trend,"FBI Crime Data Explorer, NIBRS offense 11A (Rape), state victim demographics, 2023",2026-10-02
RI,Other family member,55,https://cde.ucr.cjis.gov/LATEST/webapp/#/pages/explorer/crime/crime-trend,"FBI Crime Data Explorer, NIBRS offense 11A (Rape), state victim demographics, 2023",2026-10-02
RI,Acquaintance / friend,135,https://cde.ucr.cjis.gov/LATEST/webapp/#/pages/explorer/crime/crime-trend,"FBI Crime Data Explorer, NIBRS offense 11A (Rape), state victim demographics, 2023",2026-10-02
RI,Intimate partner,69,https://cde.ucr.cjis.gov/LATEST/webapp/#/pages/explorer/crime/crime-trend,"FBI Crime Data Explorer, NIBRS offense 11A (Rape), state victim demographics, 2023",2026-10-02
RI,Unknown,7,https://cde.ucr.cjis.gov/LATEST/webapp/#/pages/explorer/crime/crime-trend,"FBI Crime Data Explorer, NIBRS offense 11A (Rape), state victim demographics, 2023",2026-10-02
RI,Stranger,23,https://cde.ucr.cjis.gov/LATEST/webapp/#/pages/explorer/crime/crime-trend,"FBI Crime Data Explorer, NIBRS offense 11A (Rape), state victim demographics, 2023",2026-10-02
SC,Other family member,320,https://cde.ucr.cjis.gov/LATEST/webapp/#/pages/explorer/crime/crime-trend,"FBI Crime Data Explorer, NIBRS offense 11A (Rape), state victim demographics, 2023",2026-10-02
SC,Acquaintance / friend,722,https://cde.ucr.cjis.gov/LATEST/webapp/#/pages/explorer/crime/crime-trend,"FBI Crime Data Explorer, NIBRS offense 11A (Rape), state victim demographics, 2023",2026-10-02
SC,Intimate partner,260,https://cde.ucr.cjis.gov/LATEST/webapp/#/pages/explorer/crime/crime-trend,"FBI Crime Data Explorer, NIBRS offense 11A (Rape), state victim demographics, 2023",2026-10-02
SC,Unknown,198,https://cde.ucr.cjis.gov/LATEST/webapp/#/pages/explorer/crime/crime-trend,"FBI Crime Data Explorer, NIBRS offense 11A (Rape), state victim demographics, 2023",2026-10-02
SC,Stranger,110,https://cde.ucr.cjis.gov/LATEST/webapp/#/pages/explorer/crime/crime-trend,"FBI Crime Data Explorer, NIBRS offense 11A (Rape), state victim demographics, 2023",2026-10-02
SD,Other family member,63,https://cde.ucr.cjis.gov/LATEST/webapp/#/pages/explorer/crime/crime-trend,"FBI Crime Data Explorer, NIBRS offense 11A (Rape), state victim demographics, 2023",2026-10-02
SD,Acquaintance / friend,200,https://cde.ucr.cjis.gov/LATEST/webapp/#/pages/explorer/crime/crime-trend,"FBI Crime Data Explorer, NIBRS offense 11A (Rape), state victim demographics, 2023",2026-10-02
SD,Intimate partner,77,https://cde.ucr.cjis.gov/LATEST/webapp/#/pages/explorer/crime/crime-trend,"FBI Crime Data Explorer, NIBRS offense 11A (Rape), state victim demographics, 2023",2026-10-02
SD,Unknown,23,https://cde.ucr.cjis.gov/LATEST/webapp/#/pages/explorer/crime/crime-trend,"FBI Crime Data Explorer, NIBRS offense 11A (Rape), state victim demographics, 2023",2026-10-02
SD,Stranger,19,https://cde.ucr.cjis.gov/LATEST/webapp/#/pages/explorer/crime/crime-trend,"FBI Crime Data Explorer, NIBRS offense 11A (Rape), state victim demographics, 2023",2026-10-02
TN,Other family member,383,https://cde.ucr.cjis.gov/LATEST/webapp/#/pages/explorer/crime/crime-trend,"FBI Crime Data Explorer, NIBRS offense 11A (Rape), state victim demographics, 2023",2026-10-02
TN,Acquaintance / friend,926,https://cde.ucr.cjis.gov/LATEST/webapp/#/pages/explorer/crime/crime-trend,"FBI Crime Data Explorer, NIBRS offense 11A (Rape), state victim demographics, 2023",2026-10-02
TN,Intimate partner,400,https://cde.ucr.cjis.gov/LATEST/webapp/#/pages/explorer/crime/crime-trend,"FBI Crime Data Explorer, NIBRS offense 11A (Rape), state victim demographics, 2023",2026-10-02
TN,Unknown,555,https://cde.ucr.cjis.gov/LATEST/webapp/#/pages/explorer/crime/crime-trend,"FBI Crime Data Explorer, NIBRS offense 11A (Rape), state victim demographics, 2023",2026-10-02
TN,Stranger,263,https://cde.ucr.cjis.gov/LATEST/webapp/#/pages/explorer/crime/crime-trend,"FBI Crime Data Explorer, NIBRS offense 11A (Rape), state victim demographics, 2023",2026-10-02
TX,Other family member,2721,https://cde.ucr.cjis.gov/LATEST/webapp/#/pages/explorer/crime/crime-trend,"FBI Crime Data Explorer, NIBRS offense 11A (Rape), state victim demographics, 2023",2026-10-02
TX,Acquaintance / friend,4500,https://cde.ucr.cjis.gov/LATEST/webapp/#/pages/explorer/crime/crime-trend,"FBI Crime Data Explorer, NIBRS offense 11A (Rape), state victim demographics, 2023",2026-10-02
TX,Intimate partner,2519,https://cde.ucr.cjis.gov/LATEST/webapp/#/pages/explorer/crime/crime-trend,"FBI Crime Data Explorer, NIBRS offense 11A (Rape), state victim demographics, 2023",2026-10-02
TX,Unknown,1765,https://cde.ucr.cjis.gov/LATEST/webapp/#/pages/explorer/crime/crime-trend,"FBI Crime Data Explorer, NIBRS offense 11A (Rape), state victim demographics, 2023",2026-10-02
TX,Stranger,1098,https://cde.ucr.cjis.gov/LATEST/webapp/#/pages/explorer/crime/crime-trend,"FBI Crime Data Explorer, NIBRS offense 11A (Rape), state victim demographics, 2023",2026-10-02
UT,Other family member,155,https://cde.ucr.cjis.gov/LATEST/webapp/#/pages/explorer/crime/crime-trend,"FBI Crime Data Explorer, NIBRS offense 11A (Rape), state victim demographics, 2023",2026-10-02
UT,Acquaintance / friend,591,https://cde.ucr.cjis.gov/LATEST/webapp/#/pages/explorer/crime/crime-trend,"FBI Crime Data Explorer, NIBRS offense 11A (Rape), state victim demographics, 2023",2026-10-02
UT,Intimate partner,356,https://cde.ucr.cjis.gov/LATEST/webapp/#/pages/explorer/crime/crime-trend,"FBI Crime Data Explorer, NIBRS offense 11A (Rape), state victim demographics, 2023",2026-10-02
UT,Unknown,308,https://cde.ucr.cjis.gov/LATEST/webapp/#/pages/explorer/crime/crime-trend,"FBI Crime Data Explorer, NIBRS offense 11A (Rape), state victim demographics, 2023",2026-10-02
UT,Stranger,83,https://cde.ucr.cjis.gov/LATEST/webapp/#/pages/explorer/crime/crime-trend,"FBI Crime Data Explorer, NIBRS offense 11A (Rape), state victim demographics, 2023",2026-10-02
VT,Other family member,31,https://cde.ucr.cjis.gov/LATEST/webapp/#/pages/explorer/crime/crime-trend,"FBI Crime Data Explorer, NIBRS offense 11A (Rape), state victim demographics, 2023",2026-10-02
VT,Acquaintance / friend,102,https://cde.ucr.cjis.gov/LATEST/webapp/#/pages/explorer/crime/crime-trend,"FBI Crime Data Explorer, NIBRS offense 11A (Rape), state victim demographics, 2023",2026-10-02
VT,Intimate partner,48,https://cde.ucr.cjis.gov/LATEST/webapp/#/pages/explorer/crime/crime-trend,"FBI Crime Data Explorer, NIBRS offense 11A (Rape), state victim demographics, 2023",2026-10-02
VT,Unknown,7,https://cde.ucr.cjis.gov/LATEST/webapp/#/pages/explorer/crime/crime-trend,"FBI Crime Data Explorer, NIBRS offense 11A (Rape), state victim demographics, 2023",2026-10-02
VT,Stranger,9,https://cde.ucr.cjis.gov/LATEST/webapp/#/pages/explorer/crime/crime-trend,"FBI Crime Data Explorer, NIBRS offense 11A (Rape), state victim demographics, 2023",2026-10-02
VA,Other family member,261,https://cde.ucr.cjis.gov/LATEST/webapp/#/pages/explorer/crime/crime-trend,"FBI Crime Data Explorer, NIBRS offense 11A (Rape), state victim demographics, 2023",2026-10-02
VA,Acquaintance / friend,795,https://cde.ucr.cjis.gov/LATEST/webapp/#/pages/explorer/crime/crime-trend,"FBI Crime Data Explorer, NIBRS offense 11A (Rape), state victim demographics, 2023",2026-10-02
VA,Intimate partner,427,https://cde.ucr.cjis.gov/LATEST/webapp/#/pages/explorer/crime/crime-trend,"FBI Crime Data Explorer, NIBRS offense 11A (Rape), state victim demographics, 2023",2026-10-02
VA,Unknown,139,https://cde.ucr.cjis.gov/LATEST/webapp/#/pages/explorer/crime/crime-trend,"FBI Crime Data Explorer, NIBRS offense 11A (Rape), state victim demographics, 2023",2026-10-02
VA,Stranger,122,https://cde.ucr.cjis.gov/LATEST/webapp/#/pages/explorer/crime/crime-trend,"FBI Crime Data Explorer, NIBRS offense 11A (Rape), state victim demographics, 2023",2026-10-02
WA,Other family member,395,https://cde.ucr.cjis.gov/LATEST/webapp/#/pages/explorer/crime/crime-trend,"FBI Crime Data Explorer, NIBRS offense 11A (Rape), state victim demographics, 2023",2026-10-02
WA,Acquaintance / friend,1056,https://cde.ucr.cjis.gov/LATEST/webapp/#/pages/explorer/crime/crime-trend,"FBI Crime Data Explorer, NIBRS offense 11A (Rape), state victim demographics, 2023",2026-10-02
WA,Intimate partner,572,https://cde.ucr.cjis.gov/LATEST/webapp/#/pages/explorer/crime/crime-trend,"FBI Crime Data Explorer, NIBRS offense 11A (Rape), state victim demographics, 2023",2026-10-02
WA,Unknown,393,https://cde.ucr.cjis.gov/LATEST/webapp/#/pages/explorer/crime/crime-trend,"FBI Crime Data Explorer, NIBRS offense 11A (Rape), state victim demographics, 2023",2026-10-02
WA,Stranger,198,https://cde.ucr.cjis.gov/LATEST/webapp/#/pages/explorer/crime/crime-trend,"FBI Crime Data Explorer, NIBRS offense 11A (Rape), state victim demographics, 2023",2026-10-02
WV,Other family member,201,https://cde.ucr.cjis.gov/LATEST/webapp/#/pages/explorer/crime/crime-trend,"FBI Crime Data Explorer, NIBRS offense 11A (Rape), state victim demographics, 2023",2026-10-02
WV,Acquaintance / friend,288,https://cde.ucr.cjis.gov/LATEST/webapp/#/pages/explorer/crime/crime-trend,"FBI Crime Data Explorer, NIBRS offense 11A (Rape), state victim demographics, 2023",2026-10-02
WV,Intimate partner,78,https://cde.ucr.cjis.gov/LATEST/webapp/#/pages/explorer/crime/crime-trend,"FBI Crime Data Explorer, NIBRS offense 11A (Rape), state victim demographics, 2023",2026-10-02
WV,Unknown,84,https://cde.ucr.cjis.gov/LATEST/webapp/#/pages/explorer/crime/crime-trend,"FBI Crime Data Explorer, NIBRS offense 11A (Rape), state victim demographics, 2023",2026-10-02
WV,Stranger,32,https://cde.ucr.cjis.gov/LATEST/webapp/#/pages/explorer/crime/crime-trend,"FBI Crime Data Explorer, NIBRS offense 11A (Rape), state victim demographics, 2023",2026-10-02
WI,Other family member,363,https://cde.ucr.cjis.gov/LATEST/webapp/#/pages/explorer/crime/crime-trend,"FBI Crime Data Explorer, NIBRS offense 11A (Rape), state victim demographics, 2023",2026-10-02
WI,Acquaintance / friend,831,https://cde.ucr.cjis.gov/LATEST/webapp/#/pages/explorer/crime/crime-trend,"FBI Crime Data Explorer, NIBRS offense 11A (Rape), state victim demographics, 2023",2026-10-02
WI,Intimate partner,367,https://cde.ucr.cjis.gov/LATEST/webapp/#/pages/explorer/crime/crime-trend,"FBI Crime Data Explorer, NIBRS offense 11A (Rape), state victim demographics, 2023",2026-10-02
WI,Unknown,99,https://cde.ucr.cjis.gov/LATEST/webapp/#/pages/explorer/crime/crime-trend,"FBI Crime Data Explorer, NIBRS offense 11A (Rape), state victim demographics, 2023",2026-10-02
WI,Stranger,111,https://cde.ucr.cjis.gov/LATEST/webapp/#/pages/explorer/crime/crime-trend,"FBI Crime Data Explorer, NIBRS offense 11A (Rape), state victim demographics, 2023",2026-10-02
WY,Other family member,66,https://cde.ucr.cjis.gov/LATEST/webapp/#/pages/explorer/crime/crime-trend,"FBI Crime Data Explorer, NIBRS offense 11A (Rape), state victim demographics, 2023",2026-10-02
WY,Acquaintance / friend,113,https://cde.ucr.cjis.gov/LATEST/webapp/#/pages/explorer/crime/crime-trend,"FBI Crime Data Explorer, NIBRS offense 11A (Rape), state victim demographics, 2023",2026-10-02
WY,Intimate partner,46,https://cde.ucr.cjis.gov/LATEST/webapp/#/pages/explorer/crime/crime-trend,"FBI Crime Data Explorer, NIBRS offense 11A (Rape), state victim demographics, 2023",2026-10-02
WY,Unknown,0,https://cde.ucr.cjis.gov/LATEST/webapp/#/pages/explorer/crime/crime-trend,"FBI Crime Data Explorer, NIBRS offense 11A (Rape), state victim demographics, 2023",2026-10-02
WY,Stranger,5,https://cde.ucr.cjis.gov/LATEST/webapp/#/pages/explorer/crime/crime-trend,"FBI Crime Data Explorer, NIBRS offense 11A (Rape), state victim demographics, 2023",2026-10-02
