state_abbr,race,victim_count_2023,source_url,source_name,pulled_date
AL,Asian / Pacific Islander,3,https://cde.ucr.cjis.gov/LATEST/webapp/#/pages/explorer/crime/crime-trend,"FBI Crime Data Explorer, NIBRS offense 11A (Rape), state victim demographics, 2023",2026-10-02
AL,White,742,https://cde.ucr.cjis.gov/LATEST/webapp/#/pages/explorer/crime/crime-trend,"FBI Crime Data Explorer, NIBRS offense 11A (Rape), state victim demographics, 2023",2026-10-02
AL,Unknown,42,https://cde.ucr.cjis.gov/LATEST/webapp/#/pages/explorer/crime/crime-trend,"FBI Crime Data Explorer, NIBRS offense 11A (Rape), state victim demographics, 2023",2026-10-02
AL,Multiracial,0,https://cde.ucr.cjis.gov/LATEST/webapp/#/pages/explorer/crime/crime-trend,"FBI Crime Data Explorer, NIBRS offense 11A (Rape), state victim demographics, 2023",2026-10-02
AL,Black or African American,337,https://cde.ucr.cjis.gov/LATEST/webapp/#/pages/explorer/crime/crime-trend,"FBI Crime Data Explorer, NIBRS offense 11A (Rape), state victim demographics, 2023",2026-10-02
AL,American Indian / Alaska Native,5,https://cde.ucr.cjis.gov/LATEST/webapp/#/pages/explorer/crime/crime-trend,"FBI Crime Data Explorer, NIBRS offense 11A (Rape), state victim demographics, 2023",2026-10-02
AK,Asian / Pacific Islander,5,https://cde.ucr.cjis.gov/LATEST/webapp/#/pages/explorer/crime/crime-trend,"FBI Crime Data Explorer, NIBRS offense 11A (Rape), state victim demographics, 2023",2026-10-02
AK,White,123,https://cde.ucr.cjis.gov/LATEST/webapp/#/pages/explorer/crime/crime-trend,"FBI Crime Data Explorer, NIBRS offense 11A (Rape), state victim demographics, 2023",2026-10-02
AK,Unknown,9,https://cde.ucr.cjis.gov/LATEST/webapp/#/pages/explorer/crime/crime-trend,"FBI Crime Data Explorer, NIBRS offense 11A (Rape), state victim demographics, 2023",2026-10-02
AK,Multiracial,0,https://cde.ucr.cjis.gov/LATEST/webapp/#/pages/explorer/crime/crime-trend,"FBI Crime Data Explorer, NIBRS offense 11A (Rape), state victim demographics, 2023",2026-10-02
AK,Black or African American,5,https://cde.ucr.cjis.gov/LATEST/webapp/#/pages/explorer/crime/crime-trend,"FBI Crime Data Explorer, NIBRS offense 11A (Rape), state victim demographics, 2023",2026-10-02
AK,American Indian / Alaska Native,191,https://cde.ucr.cjis.gov/LATEST/webapp/#/pages/explorer/crime/crime-trend,"FBI Crime Data Explorer, NIBRS offense 11A (Rape), state victim demographics, 2023",2026-10-02
AZ,Asian / Pacific Islander,24,https://cde.ucr.cjis.gov/LATEST/webapp/#/pages/explorer/crime/crime-trend,"FBI Crime Data Explorer, NIBRS offense 11A (Rape), state victim demographics, 2023",2026-10-02
AZ,White,1018,https://cde.ucr.cjis.gov/LATEST/webapp/#/pages/explorer/crime/crime-trend,"FBI Crime Data Explorer, NIBRS offense 11A (Rape), state victim demographics, 2023",2026-10-02
AZ,Unknown,54,https://cde.ucr.cjis.gov/LATEST/webapp/#/pages/explorer/crime/crime-trend,"FBI Crime Data Explorer, NIBRS offense 11A (Rape), state victim demographics, 2023",2026-10-02
AZ,Multiracial,0,https://cde.ucr.cjis.gov/LATEST/webapp/#/pages/explorer/crime/crime-trend,"FBI Crime Data Explorer, NIBRS offense 11A (Rape), state victim demographics, 2023",2026-10-02
AZ,Black or African American,133,https://cde.ucr.cjis.gov/LATEST/webapp/#/pages/explorer/crime/crime-trend,"FBI Crime Data Explorer, NIBRS offense 11A (Rape), state victim demographics, 2023",2026-10-02
AZ,American Indian / Alaska Native,152,https://cde.ucr.cjis.gov/LATEST/webapp/#/pages/explorer/crime/crime-trend,"FBI Crime Data Explorer, NIBRS offense 11A (Rape), state victim demographics, 2023",2026-10-02
AR,Asian / Pacific Islander,16,https://cde.ucr.cjis.gov/LATEST/webapp/#/pages/explorer/crime/crime-trend,"FBI Crime Data Explorer, NIBRS offense 11A (Rape), state victim demographics, 2023",2026-10-02
AR,White,1201,https://cde.ucr.cjis.gov/LATEST/webapp/#/pages/explorer/crime/crime-trend,"FBI Crime Data Explorer, NIBRS offense 11A (Rape), state victim demographics, 2023",2026-10-02
AR,Unknown,53,https://cde.ucr.cjis.gov/LATEST/webapp/#/pages/explorer/crime/crime-trend,"FBI Crime Data Explorer, NIBRS offense 11A (Rape), state victim demographics, 2023",2026-10-02
AR,Multiracial,0,https://cde.ucr.cjis.gov/LATEST/webapp/#/pages/explorer/crime/crime-trend,"FBI Crime Data Explorer, NIBRS offense 11A (Rape), state victim demographics, 2023",2026-10-02
AR,Black or African American,322,https://cde.ucr.cjis.gov/LATEST/webapp/#/pages/explorer/crime/crime-trend,"FBI Crime Data Explorer, NIBRS offense 11A (Rape), state victim demographics, 2023",2026-10-02
AR,American Indian / Alaska Native,5,https://cde.ucr.cjis.gov/LATEST/webapp/#/pages/explorer/crime/crime-trend,"FBI Crime Data Explorer, NIBRS offense 11A (Rape), state victim demographics, 2023",2026-10-02
CA,Asian / Pacific Islander,358,https://cde.ucr.cjis.gov/LATEST/webapp/#/pages/explorer/crime/crime-trend,"FBI Crime Data Explorer, NIBRS offense 11A (Rape), state victim demographics, 2023",2026-10-02
CA,White,5139,https://cde.ucr.cjis.gov/LATEST/webapp/#/pages/explorer/crime/crime-trend,"FBI Crime Data Explorer, NIBRS offense 11A (Rape), state victim demographics, 2023",2026-10-02
CA,Unknown,388,https://cde.ucr.cjis.gov/LATEST/webapp/#/pages/explorer/crime/crime-trend,"FBI Crime Data Explorer, NIBRS offense 11A (Rape), state victim demographics, 2023",2026-10-02
CA,Multiracial,0,https://cde.ucr.cjis.gov/LATEST/webapp/#/pages/explorer/crime/crime-trend,"FBI Crime Data Explorer, NIBRS offense 11A (Rape), state victim demographics, 2023",2026-10-02
CA,Black or African American,724,https://cde.ucr.cjis.gov/LATEST/webapp/#/pages/explorer/crime/crime-trend,"FBI Crime Data Explorer, NIBRS offense 11A (Rape), state victim demographics, 2023",2026-10-02
CA,American Indian / Alaska Native,47,https://cde.ucr.cjis.gov/LATEST/webapp/#/pages/explorer/crime/crime-trend,"FBI Crime Data Explorer, NIBRS offense 11A (Rape), state victim demographics, 2023",2026-10-02
CO,Asian / Pacific Islander,30,https://cde.ucr.cjis.gov/LATEST/webapp/#/pages/explorer/crime/crime-trend,"FBI Crime Data Explorer, NIBRS offense 11A (Rape), state victim demographics, 2023",2026-10-02
CO,White,2097,https://cde.ucr.cjis.gov/LATEST/webapp/#/pages/explorer/crime/crime-trend,"FBI Crime Data Explorer, NIBRS offense 11A (Rape), state victim demographics, 2023",2026-10-02
CO,Unknown,220,https://cde.ucr.cjis.gov/LATEST/webapp/#/pages/explorer/crime/crime-trend,"FBI Crime Data Explorer, NIBRS offense 11A (Rape), state victim demographics, 2023",2026-10-02
CO,Multiracial,0,https://cde.ucr.cjis.gov/LATEST/webapp/#/pages/explorer/crime/crime-trend,"FBI Crime Data Explorer, NIBRS offense 11A (Rape), state victim demographics, 2023",2026-10-02
CO,Black or African American,228,https://cde.ucr.cjis.gov/LATEST/webapp/#/pages/explorer/crime/crime-trend,"FBI Crime Data Explorer, NIBRS offense 11A (Rape), state victim demographics, 2023",2026-10-02
CO,American Indian / Alaska Native,22,https://cde.ucr.cjis.gov/LATEST/webapp/#/pages/explorer/crime/crime-trend,"FBI Crime Data Explorer, NIBRS offense 11A (Rape), state victim demographics, 2023",2026-10-02
CT,Asian / Pacific Islander,8,https://cde.ucr.cjis.gov/LATEST/webapp/#/pages/explorer/crime/crime-trend,"FBI Crime Data Explorer, NIBRS offense 11A (Rape), state victim demographics, 2023",2026-10-02
CT,White,440,https://cde.ucr.cjis.gov/LATEST/webapp/#/pages/explorer/crime/crime-trend,"FBI Crime Data Explorer, NIBRS offense 11A (Rape), state victim demographics, 2023",2026-10-02
CT,Unknown,44,https://cde.ucr.cjis.gov/LATEST/webapp/#/pages/explorer/crime/crime-trend,"FBI Crime Data Explorer, NIBRS offense 11A (Rape), state victim demographics, 2023",2026-10-02
CT,Multiracial,0,https://cde.ucr.cjis.gov/LATEST/webapp/#/pages/explorer/crime/crime-trend,"FBI Crime Data Explorer, NIBRS offense 11A (Rape), state victim demographics, 2023",2026-10-02
CT,Black or African American,146,https://cde.ucr.cjis.gov/LATEST/webapp/#/pages/explorer/crime/crime-trend,"FBI Crime Data Explorer, NIBRS offense 11A (Rape), state victim demographics, 2023",2026-10-02
CT,American Indian / Alaska Native,1,https://cde.ucr.cjis.gov/LATEST/webapp/#/pages/explorer/crime/crime-trend,"FBI Crime Data Explorer, NIBRS offense 11A (Rape), state victim demographics, 2023",2026-10-02
DE,Asian / Pacific Islander,2,https://cde.ucr.cjis.gov/LATEST/webapp/#/pages/explorer/crime/crime-trend,"FBI Crime Data Explorer, NIBRS offense 11A (Rape), state victim demographics, 2023",2026-10-02
DE,White,103,https://cde.ucr.cjis.gov/LATEST/webapp/#/pages/explorer/crime/crime-trend,"FBI Crime Data Explorer, NIBRS offense 11A (Rape), state victim demographics, 2023",2026-10-02
DE,Unknown,4,https://cde.ucr.cjis.gov/LATEST/webapp/#/pages/explorer/crime/crime-trend,"FBI Crime Data Explorer, NIBRS offense 11A (Rape), state victim demographics, 2023",2026-10-02
DE,Multiracial,0,https://cde.ucr.cjis.gov/LATEST/webapp/#/pages/explorer/crime/crime-trend,"FBI Crime Data Explorer, NIBRS offense 11A (Rape), state victim demographics, 2023",2026-10-02
DE,Black or African American,63,https://cde.ucr.cjis.gov/LATEST/webapp/#/pages/explorer/crime/crime-trend,"FBI Crime Data Explorer, NIBRS offense 11A (Rape), state victim demographics, 2023",2026-10-02
DE,American Indian / Alaska Native,0,https://cde.ucr.cjis.gov/LATEST/webapp/#/pages/explorer/crime/crime-trend,"FBI Crime Data Explorer, NIBRS offense 11A (Rape), state victim demographics, 2023",2026-10-02
DC,Asian / Pacific Islander,4,https://cde.ucr.cjis.gov/LATEST/webapp/#/pages/explorer/crime/crime-trend,"FBI Crime Data Explorer, NIBRS offense 11A (Rape), state victim demographics, 2023",2026-10-02
DC,White,44,https://cde.ucr.cjis.gov/LATEST/webapp/#/pages/explorer/crime/crime-trend,"FBI Crime Data Explorer, NIBRS offense 11A (Rape), state victim demographics, 2023",2026-10-02
DC,Unknown,32,https://cde.ucr.cjis.gov/LATEST/webapp/#/pages/explorer/crime/crime-trend,"FBI Crime Data Explorer, NIBRS offense 11A (Rape), state victim demographics, 2023",2026-10-02
DC,Multiracial,0,https://cde.ucr.cjis.gov/LATEST/webapp/#/pages/explorer/crime/crime-trend,"FBI Crime Data Explorer, NIBRS offense 11A (Rape), state victim demographics, 2023",2026-10-02
DC,Black or African American,140,https://cde.ucr.cjis.gov/LATEST/webapp/#/pages/explorer/crime/crime-trend,"FBI Crime Data Explorer, NIBRS offense 11A (Rape), state victim demographics, 2023",2026-10-02
DC,American Indian / Alaska Native,1,https://cde.ucr.cjis.gov/LATEST/webapp/#/pages/explorer/crime/crime-trend,"FBI Crime Data Explorer, NIBRS offense 11A (Rape), state victim demographics, 2023",2026-10-02
FL,Asian / Pacific Islander,30,https://cde.ucr.cjis.gov/LATEST/webapp/#/pages/explorer/crime/crime-trend,"FBI Crime Data Explorer, NIBRS offense 11A (Rape), state victim demographics, 2023",2026-10-02
FL,White,2348,https://cde.ucr.cjis.gov/LATEST/webapp/#/pages/explorer/crime/crime-trend,"FBI Crime Data Explorer, NIBRS offense 11A (Rape), state victim demographics, 2023",2026-10-02
FL,Unknown,43,https://cde.ucr.cjis.gov/LATEST/webapp/#/pages/explorer/crime/crime-trend,"FBI Crime Data Explorer, NIBRS offense 11A (Rape), state victim demographics, 2023",2026-10-02
FL,Multiracial,0,https://cde.ucr.cjis.gov/LATEST/webapp/#/pages/explorer/crime/crime-trend,"FBI Crime Data Explorer, NIBRS offense 11A (Rape), state victim demographics, 2023",2026-10-02
FL,Black or African American,1004,https://cde.ucr.cjis.gov/LATEST/webapp/#/pages/explorer/crime/crime-trend,"FBI Crime Data Explorer, NIBRS offense 11A (Rape), state victim demographics, 2023",2026-10-02
FL,American Indian / Alaska Native,7,https://cde.ucr.cjis.gov/LATEST/webapp/#/pages/explorer/crime/crime-trend,"FBI Crime Data Explorer, NIBRS offense 11A (Rape), state victim demographics, 2023",2026-10-02
GA,Asian / Pacific Islander,34,https://cde.ucr.cjis.gov/LATEST/webapp/#/pages/explorer/crime/crime-trend,"FBI Crime Data Explorer, NIBRS offense 11A (Rape), state victim demographics, 2023",2026-10-02
GA,White,1019,https://cde.ucr.cjis.gov/LATEST/webapp/#/pages/explorer/crime/crime-trend,"FBI Crime Data Explorer, NIBRS offense 11A (Rape), state victim demographics, 2023",2026-10-02
GA,Unknown,38,https://cde.ucr.cjis.gov/LATEST/webapp/#/pages/explorer/crime/crime-trend,"FBI Crime Data Explorer, NIBRS offense 11A (Rape), state victim demographics, 2023",2026-10-02
GA,Multiracial,0,https://cde.ucr.cjis.gov/LATEST/webapp/#/pages/explorer/crime/crime-trend,"FBI Crime Data Explorer, NIBRS offense 11A (Rape), state victim demographics, 2023",2026-10-02
GA,Black or African American,916,https://cde.ucr.cjis.gov/LATEST/webapp/#/pages/explorer/crime/crime-trend,"FBI Crime Data Explorer, NIBRS offense 11A (Rape), state victim demographics, 2023",2026-10-02
GA,American Indian / Alaska Native,2,https://cde.ucr.cjis.gov/LATEST/webapp/#/pages/explorer/crime/crime-trend,"FBI Crime Data Explorer, NIBRS offense 11A (Rape), state victim demographics, 2023",2026-10-02
HI,Asian / Pacific Islander,213,https://cde.ucr.cjis.gov/LATEST/webapp/#/pages/explorer/crime/crime-trend,"FBI Crime Data Explorer, NIBRS offense 11A (Rape), state victim demographics, 2023",2026-10-02
HI,White,206,https://cde.ucr.cjis.gov/LATEST/webapp/#/pages/explorer/crime/crime-trend,"FBI Crime Data Explorer, NIBRS offense 11A (Rape), state victim demographics, 2023",2026-10-02
HI,Unknown,110,https://cde.ucr.cjis.gov/LATEST/webapp/#/pages/explorer/crime/crime-trend,"FBI Crime Data Explorer, NIBRS offense 11A (Rape), state victim demographics, 2023",2026-10-02
HI,Multiracial,0,https://cde.ucr.cjis.gov/LATEST/webapp/#/pages/explorer/crime/crime-trend,"FBI Crime Data Explorer, NIBRS offense 11A (Rape), state victim demographics, 2023",2026-10-02
HI,Black or African American,23,https://cde.ucr.cjis.gov/LATEST/webapp/#/pages/explorer/crime/crime-trend,"FBI Crime Data Explorer, NIBRS offense 11A (Rape), state victim demographics, 2023",2026-10-02
HI,American Indian / Alaska Native,0,https://cde.ucr.cjis.gov/LATEST/webapp/#/pages/explorer/crime/crime-trend,"FBI Crime Data Explorer, NIBRS offense 11A (Rape), state victim demographics, 2023",2026-10-02
ID,Asian / Pacific Islander,7,https://cde.ucr.cjis.gov/LATEST/webapp/#/pages/explorer/crime/crime-trend,"FBI Crime Data Explorer, NIBRS offense 11A (Rape), state victim demographics, 2023",2026-10-02
ID,White,615,https://cde.ucr.cjis.gov/LATEST/webapp/#/pages/explorer/crime/crime-trend,"FBI Crime Data Explorer, NIBRS offense 11A (Rape), state victim demographics, 2023",2026-10-02
ID,Unknown,23,https://cde.ucr.cjis.gov/LATEST/webapp/#/pages/explorer/crime/crime-trend,"FBI Crime Data Explorer, NIBRS offense 11A (Rape), state victim demographics, 2023",2026-10-02
ID,Multiracial,0,https://cde.ucr.cjis.gov/LATEST/webapp/#/pages/explorer/crime/crime-trend,"FBI Crime Data Explorer, NIBRS offense 11A (Rape), state victim demographics, 2023",2026-10-02
ID,Black or African American,23,https://cde.ucr.cjis.gov/LATEST/webapp/#/pages/explorer/crime/crime-trend,"FBI Crime Data Explorer, NIBRS offense 11A (Rape), state victim demographics, 2023",2026-10-02
ID,American Indian / Alaska Native,10,https://cde.ucr.cjis.gov/LATEST/webapp/#/pages/explorer/crime/crime-trend,"FBI Crime Data Explorer, NIBRS offense 11A (Rape), state victim demographics, 2023",2026-10-02
IL,Asian / Pacific Islander,82,https://cde.ucr.cjis.gov/LATEST/webapp/#/pages/explorer/crime/crime-trend,"FBI Crime Data Explorer, NIBRS offense 11A (Rape), state victim demographics, 2023",2026-10-02
IL,White,2992,https://cde.ucr.cjis.gov/LATEST/webapp/#/pages/explorer/crime/crime-trend,"FBI Crime Data Explorer, NIBRS offense 11A (Rape), state victim demographics, 2023",2026-10-02
IL,Unknown,306,https://cde.ucr.cjis.gov/LATEST/webapp/#/pages/explorer/crime/crime-trend,"FBI Crime Data Explorer, NIBRS offense 11A (Rape), state victim demographics, 2023",2026-10-02
IL,Multiracial,0,https://cde.ucr.cjis.gov/LATEST/webapp/#/pages/explorer/crime/crime-trend,"FBI Crime Data Explorer, NIBRS offense 11A (Rape), state victim demographics, 2023",2026-10-02
IL,Black or African American,1452,https://cde.ucr.cjis.gov/LATEST/webapp/#/pages/explorer/crime/crime-trend,"FBI Crime Data Explorer, NIBRS offense 11A (Rape), state victim demographics, 2023",2026-10-02
IL,American Indian / Alaska Native,10,https://cde.ucr.cjis.gov/LATEST/webapp/#/pages/explorer/crime/crime-trend,"FBI Crime Data Explorer, NIBRS offense 11A (Rape), state victim demographics, 2023",2026-10-02
IN,Asian / Pacific Islander,13,https://cde.ucr.cjis.gov/LATEST/webapp/#/pages/explorer/crime/crime-trend,"FBI Crime Data Explorer, NIBRS offense 11A (Rape), state victim demographics, 2023",2026-10-02
IN,White,1271,https://cde.ucr.cjis.gov/LATEST/webapp/#/pages/explorer/crime/crime-trend,"FBI Crime Data Explorer, NIBRS offense 11A (Rape), state victim demographics, 2023",2026-10-02
IN,Unknown,51,https://cde.ucr.cjis.gov/LATEST/webapp/#/pages/explorer/crime/crime-trend,"FBI Crime Data Explorer, NIBRS offense 11A (Rape), state victim demographics, 2023",2026-10-02
IN,Multiracial,0,https://cde.ucr.cjis.gov/LATEST/webapp/#/pages/explorer/crime/crime-trend,"FBI Crime Data Explorer, NIBRS offense 11A (Rape), state victim demographics, 2023",2026-10-02
IN,Black or African American,361,https://cde.ucr.cjis.gov/LATEST/webapp/#/pages/explorer/crime/crime-trend,"FBI Crime Data Explorer, NIBRS offense 11A (Rape), state victim demographics, 2023",2026-10-02
IN,American Indian / Alaska Native,0,https://cde.ucr.cjis.gov/LATEST/webapp/#/pages/explorer/crime/crime-trend,"FBI Crime Data Explorer, NIBRS offense 11A (Rape), state victim demographics, 2023",2026-10-02
IA,Asian / Pacific Islander,15,https://cde.ucr.cjis.gov/LATEST/webapp/#/pages/explorer/crime/crime-trend,"FBI Crime Data Explorer, NIBRS offense 11A (Rape), state victim demographics, 2023",2026-10-02
IA,White,877,https://cde.ucr.cjis.gov/LATEST/webapp/#/pages/explorer/crime/crime-trend,"FBI Crime Data Explorer, NIBRS offense 11A (Rape), state victim demographics, 2023",2026-10-02
IA,Unknown,23,https://cde.ucr.cjis.gov/LATEST/webapp/#/pages/explorer/crime/crime-trend,"FBI Crime Data Explorer, NIBRS offense 11A (Rape), state victim demographics, 2023",2026-10-02
IA,Multiracial,0,https://cde.ucr.cjis.gov/LATEST/webapp/#/pages/explorer/crime/crime-trend,"FBI Crime Data Explorer, NIBRS offense 11A (Rape), state victim demographics, 2023",2026-10-02
IA,Black or African American,114,https://cde.ucr.cjis.gov/LATEST/webapp/#/pages/explorer/crime/crime-trend,"FBI Crime Data Explorer, NIBRS offense 11A (Rape), state victim demographics, 2023",2026-10-02
IA,American Indian / Alaska Native,10,https://cde.ucr.cjis.gov/LATEST/webapp/#/pages/explorer/crime/crime-trend,"FBI Crime Data Explorer, NIBRS offense 11A (Rape), state victim demographics, 2023",2026-10-02
KS,Asian / Pacific Islander,7,https://cde.ucr.cjis.gov/LATEST/webapp/#/pages/explorer/crime/crime-trend,"FBI Crime Data Explorer, NIBRS offense 11A (Rape), state victim demographics, 2023",2026-10-02
KS,White,901,https://cde.ucr.cjis.gov/LATEST/webapp/#/pages/explorer/crime/crime-trend,"FBI Crime Data Explorer, NIBRS offense 11A (Rape), state victim demographics, 2023",2026-10-02
KS,Unknown,22,https://cde.ucr.cjis.gov/LATEST/webapp/#/pages/explorer/crime/crime-trend,"FBI Crime Data Explorer, NIBRS offense 11A (Rape), state victim demographics, 2023",2026-10-02
KS,Multiracial,0,https://cde.ucr.cjis.gov/LATEST/webapp/#/pages/explorer/crime/crime-trend,"FBI Crime Data Explorer, NIBRS offense 11A (Rape), state victim demographics, 2023",2026-10-02
KS,Black or African American,154,https://cde.ucr.cjis.gov/LATEST/webapp/#/pages/explorer/crime/crime-trend,"FBI Crime Data Explorer, NIBRS offense 11A (Rape), state victim demographics, 2023",2026-10-02
KS,American Indian / Alaska Native,4,https://cde.ucr.cjis.gov/LATEST/webapp/#/pages/explorer/crime/crime-trend,"FBI Crime Data Explorer, NIBRS offense 11A (Rape), state victim demographics, 2023",2026-10-02
KY,Asian / Pacific Islander,12,https://cde.ucr.cjis.gov/LATEST/webapp/#/pages/explorer/crime/crime-trend,"FBI Crime Data Explorer, NIBRS offense 11A (Rape), state victim demographics, 2023",2026-10-02
KY,White,1002,https://cde.ucr.cjis.gov/LATEST/webapp/#/pages/explorer/crime/crime-trend,"FBI Crime Data Explorer, NIBRS offense 11A (Rape), state victim demographics, 2023",2026-10-02
KY,Unknown,40,https://cde.ucr.cjis.gov/LATEST/webapp/#/pages/explorer/crime/crime-trend,"FBI Crime Data Explorer, NIBRS offense 11A (Rape), state victim demographics, 2023",2026-10-02
KY,Multiracial,0,https://cde.ucr.cjis.gov/LATEST/webapp/#/pages/explorer/crime/crime-trend,"FBI Crime Data Explorer, NIBRS offense 11A (Rape), state victim demographics, 2023",2026-10-02
KY,Black or African American,197,https://cde.ucr.cjis.gov/LATEST/webapp/#/pages/explorer/crime/crime-trend,"FBI Crime Data Explorer, NIBRS offense 11A (Rape), state victim demographics, 2023",2026-10-02
KY,American Indian / Alaska Native,0,https://cde.ucr.cjis.gov/LATEST/webapp/#/pages/explorer/crime/crime-trend,"FBI Crime Data Explorer, NIBRS offense 11A (Rape), state victim demographics, 2023",2026-10-02
LA,Asian / Pacific Islander,2,https://cde.ucr.cjis.gov/LATEST/webapp/#/pages/explorer/crime/crime-trend,"FBI Crime Data Explorer, NIBRS offense 11A (Rape), state victim demographics, 2023",2026-10-02
LA,White,584,https://cde.ucr.cjis.gov/LATEST/webapp/#/pages/explorer/crime/crime-trend,"FBI Crime Data Explorer, NIBRS offense 11A (Rape), state victim demographics, 2023",2026-10-02
LA,Unknown,38,https://cde.ucr.cjis.gov/LATEST/webapp/#/pages/explorer/crime/crime-trend,"FBI Crime Data Explorer, NIBRS offense 11A (Rape), state victim demographics, 2023",2026-10-02
LA,Multiracial,0,https://cde.ucr.cjis.gov/LATEST/webapp/#/pages/explorer/crime/crime-trend,"FBI Crime Data Explorer, NIBRS offense 11A (Rape), state victim demographics, 2023",2026-10-02
LA,Black or African American,386,https://cde.ucr.cjis.gov/LATEST/webapp/#/pages/explorer/crime/crime-trend,"FBI Crime Data Explorer, NIBRS offense 11A (Rape), state victim demographics, 2023",2026-10-02
LA,American Indian / Alaska Native,2,https://cde.ucr.cjis.gov/LATEST/webapp/#/pages/explorer/crime/crime-trend,"FBI Crime Data Explorer, NIBRS offense 11A (Rape), state victim demographics, 2023",2026-10-02
ME,Asian / Pacific Islander,7,https://cde.ucr.cjis.gov/LATEST/webapp/#/pages/explorer/crime/crime-trend,"FBI Crime Data Explorer, NIBRS offense 11A (Rape), state victim demographics, 2023",2026-10-02
ME,White,366,https://cde.ucr.cjis.gov/LATEST/webapp/#/pages/explorer/crime/crime-trend,"FBI Crime Data Explorer, NIBRS offense 11A (Rape), state victim demographics, 2023",2026-10-02
ME,Unknown,6,https://cde.ucr.cjis.gov/LATEST/webapp/#/pages/explorer/crime/crime-trend,"FBI Crime Data Explorer, NIBRS offense 11A (Rape), state victim demographics, 2023",2026-10-02
ME,Multiracial,0,https://cde.ucr.cjis.gov/LATEST/webapp/#/pages/explorer/crime/crime-trend,"FBI Crime Data Explorer, NIBRS offense 11A (Rape), state victim demographics, 2023",2026-10-02
ME,Black or African American,12,https://cde.ucr.cjis.gov/LATEST/webapp/#/pages/explorer/crime/crime-trend,"FBI Crime Data Explorer, NIBRS offense 11A (Rape), state victim demographics, 2023",2026-10-02
ME,American Indian / Alaska Native,2,https://cde.ucr.cjis.gov/LATEST/webapp/#/pages/explorer/crime/crime-trend,"FBI Crime Data Explorer, NIBRS offense 11A (Rape), state victim demographics, 2023",2026-10-02
MD,Asian / Pacific Islander,29,https://cde.ucr.cjis.gov/LATEST/webapp/#/pages/explorer/crime/crime-trend,"FBI Crime Data Explorer, NIBRS offense 11A (Rape), state victim demographics, 2023",2026-10-02
MD,White,871,https://cde.ucr.cjis.gov/LATEST/webapp/#/pages/explorer/crime/crime-trend,"FBI Crime Data Explorer, NIBRS offense 11A (Rape), state victim demographics, 2023",2026-10-02
MD,Unknown,62,https://cde.ucr.cjis.gov/LATEST/webapp/#/pages/explorer/crime/crime-trend,"FBI Crime Data Explorer, NIBRS offense 11A (Rape), state victim demographics, 2023",2026-10-02
MD,Multiracial,0,https://cde.ucr.cjis.gov/LATEST/webapp/#/pages/explorer/crime/crime-trend,"FBI Crime Data Explorer, NIBRS offense 11A (Rape), state victim demographics, 2023",2026-10-02
MD,Black or African American,597,https://cde.ucr.cjis.gov/LATEST/webapp/#/pages/explorer/crime/crime-trend,"FBI Crime Data Explorer, NIBRS offense 11A (Rape), state victim demographics, 2023",2026-10-02
MD,American Indian / Alaska Native,1,https://cde.ucr.cjis.gov/LATEST/webapp/#/pages/explorer/crime/crime-trend,"FBI Crime Data Explorer, NIBRS offense 11A (Rape), state victim demographics, 2023",2026-10-02
MA,Asian / Pacific Islander,47,https://cde.ucr.cjis.gov/LATEST/webapp/#/pages/explorer/crime/crime-trend,"FBI Crime Data Explorer, NIBRS offense 11A (Rape), state victim demographics, 2023",2026-10-02
MA,White,1156,https://cde.ucr.cjis.gov/LATEST/webapp/#/pages/explorer/crime/crime-trend,"FBI Crime Data Explorer, NIBRS offense 11A (Rape), state victim demographics, 2023",2026-10-02
MA,Unknown,135,https://cde.ucr.cjis.gov/LATEST/webapp/#/pages/explorer/crime/crime-trend,"FBI Crime Data Explorer, NIBRS offense 11A (Rape), state victim demographics, 2023",2026-10-02
MA,Multiracial,0,https://cde.ucr.cjis.gov/LATEST/webapp/#/pages/explorer/crime/crime-trend,"FBI Crime Data Explorer, NIBRS offense 11A (Rape), state victim demographics, 2023",2026-10-02
MA,Black or African American,248,https://cde.ucr.cjis.gov/LATEST/webapp/#/pages/explorer/crime/crime-trend,"FBI Crime Data Explorer, NIBRS offense 11A (Rape), state victim demographics, 2023",2026-10-02
MA,American Indian / Alaska Native,4,https://cde.ucr.cjis.gov/LATEST/webapp/#/pages/explorer/crime/crime-trend,"FBI Crime Data Explorer, NIBRS offense 11A (Rape), state victim demographics, 2023",2026-10-02
MI,Asian / Pacific Islander,29,https://cde.ucr.cjis.gov/LATEST/webapp/#/pages/explorer/crime/crime-trend,"FBI Crime Data Explorer, NIBRS offense 11A (Rape), state victim demographics, 2023",2026-10-02
MI,White,2696,https://cde.ucr.cjis.gov/LATEST/webapp/#/pages/explorer/crime/crime-trend,"FBI Crime Data Explorer, NIBRS offense 11A (Rape), state victim demographics, 2023",2026-10-02
MI,Unknown,264,https://cde.ucr.cjis.gov/LATEST/webapp/#/pages/explorer/crime/crime-trend,"FBI Crime Data Explorer, NIBRS offense 11A (Rape), state victim demographics, 2023",2026-10-02
MI,Multiracial,0,https://cde.ucr.cjis.gov/LATEST/webapp/#/pages/explorer/crime/crime-trend,"FBI Crime Data Explorer, NIBRS offense 11A (Rape), state victim demographics, 2023",2026-10-02
MI,Black or African American,1004,https://cde.ucr.cjis.gov/LATEST/webapp/#/pages/explorer/crime/crime-trend,"FBI Crime Data Explorer, NIBRS offense 11A (Rape), state victim demographics, 2023",2026-10-02
MI,American Indian / Alaska Native,18,https://cde.ucr.cjis.gov/LATEST/webapp/#/pages/explorer/crime/crime-trend,"FBI Crime Data Explorer, NIBRS offense 11A (Rape), state victim demographics, 2023",2026-10-02
MN,Asian / Pacific Islander,47,https://cde.ucr.cjis.gov/LATEST/webapp/#/pages/explorer/crime/crime-trend,"FBI Crime Data Explorer, NIBRS offense 11A (Rape), state victim demographics, 2023",2026-10-02
MN,White,990,https://cde.ucr.cjis.gov/LATEST/webapp/#/pages/explorer/crime/crime-trend,"FBI Crime Data Explorer, NIBRS offense 11A (Rape), state victim demographics, 2023",2026-10-02
MN,Unknown,349,https://cde.ucr.cjis.gov/LATEST/webapp/#/pages/explorer/crime/crime-trend,"FBI Crime Data Explorer, NIBRS offense 11A (Rape), state victim demographics, 2023",2026-10-02
MN,Multiracial,0,https://cde.ucr.cjis.gov/LATEST/webapp/#/pages/explorer/crime/crime-trend,"FBI Crime Data Explorer, NIBRS offense 11A (Rape), state victim demographics, 2023",2026-10-02
MN,Black or African American,340,https://cde.ucr.cjis.gov/LATEST/webapp/#/pages/explorer/crime/crime-trend,"FBI Crime Data Explorer, NIBRS offense 11A (Rape), state victim demographics, 2023",2026-10-02
MN,American Indian / Alaska Native,75,https://cde.ucr.cjis.gov/LATEST/webapp/#/pages/explorer/crime/crime-trend,"FBI Crime Data Explorer, NIBRS offense 11A (Rape), state victim demographics, 2023",2026-10-02
MS,Asian / Pacific Islander,2,https://cde.ucr.cjis.gov/LATEST/webapp/#/pages/explorer/crime/crime-trend,"FBI Crime Data Explorer, NIBRS offense 11A (Rape), state victim demographics, 2023",2026-10-02
MS,White,294,https://cde.ucr.cjis.gov/LATEST/webapp/#/pages/explorer/crime/crime-trend,"FBI Crime Data Explorer, NIBRS offense 11A (Rape), state victim demographics, 2023",2026-10-02
MS,Unknown,15,https://cde.ucr.cjis.gov/LATEST/webapp/#/pages/explorer/crime/crime-trend,"FBI Crime Data Explorer, NIBRS offense 11A (Rape), state victim demographics, 2023",2026-10-02
MS,Multiracial,0,https://cde.ucr.cjis.gov/LATEST/webapp/#/pages/explorer/crime/crime-trend,"FBI Crime Data Explorer, NIBRS offense 11A (Rape), state victim demographics, 2023",2026-10-02
MS,Black or African American,209,https://cde.ucr.cjis.gov/LATEST/webapp/#/pages/explorer/crime/crime-trend,"FBI Crime Data Explorer, NIBRS offense 11A (Rape), state victim demographics, 2023",2026-10-02
MS,American Indian / Alaska Native,2,https://cde.ucr.cjis.gov/LATEST/webapp/#/pages/explorer/crime/crime-trend,"FBI Crime Data Explorer, NIBRS offense 11A (Rape), state victim demographics, 2023",2026-10-02
MO,Asian / Pacific Islander,15,https://cde.ucr.cjis.gov/LATEST/webapp/#/pages/explorer/crime/crime-trend,"FBI Crime Data Explorer, NIBRS offense 11A (Rape), state victim demographics, 2023",2026-10-02
MO,White,1271,https://cde.ucr.cjis.gov/LATEST/webapp/#/pages/explorer/crime/crime-trend,"FBI Crime Data Explorer, NIBRS offense 11A (Rape), state victim demographics, 2023",2026-10-02
MO,Unknown,65,https://cde.ucr.cjis.gov/LATEST/webapp/#/pages/explorer/crime/crime-trend,"FBI Crime Data Explorer, NIBRS offense 11A (Rape), state victim demographics, 2023",2026-10-02
MO,Multiracial,0,https://cde.ucr.cjis.gov/LATEST/webapp/#/pages/explorer/crime/crime-trend,"FBI Crime Data Explorer, NIBRS offense 11A (Rape), state victim demographics, 2023",2026-10-02
MO,Black or African American,382,https://cde.ucr.cjis.gov/LATEST/webapp/#/pages/explorer/crime/crime-trend,"FBI Crime Data Explorer, NIBRS offense 11A (Rape), state victim demographics, 2023",2026-10-02
MO,American Indian / Alaska Native,1,https://cde.ucr.cjis.gov/LATEST/webapp/#/pages/explorer/crime/crime-trend,"FBI Crime Data Explorer, NIBRS offense 11A (Rape), state victim demographics, 2023",2026-10-02
MT,Asian / Pacific Islander,3,https://cde.ucr.cjis.gov/LATEST/webapp/#/pages/explorer/crime/crime-trend,"FBI Crime Data Explorer, NIBRS offense 11A (Rape), state victim demographics, 2023",2026-10-02
MT,White,481,https://cde.ucr.cjis.gov/LATEST/webapp/#/pages/explorer/crime/crime-trend,"FBI Crime Data Explorer, NIBRS offense 11A (Rape), state victim demographics, 2023",2026-10-02
MT,Unknown,35,https://cde.ucr.cjis.gov/LATEST/webapp/#/pages/explorer/crime/crime-trend,"FBI Crime Data Explorer, NIBRS offense 11A (Rape), state victim demographics, 2023",2026-10-02
MT,Multiracial,0,https://cde.ucr.cjis.gov/LATEST/webapp/#/pages/explorer/crime/crime-trend,"FBI Crime Data Explorer, NIBRS offense 11A (Rape), state victim demographics, 2023",2026-10-02
MT,Black or African American,13,https://cde.ucr.cjis.gov/LATEST/webapp/#/pages/explorer/crime/crime-trend,"FBI Crime Data Explorer, NIBRS offense 11A (Rape), state victim demographics, 2023",2026-10-02
MT,American Indian / Alaska Native,82,https://cde.ucr.cjis.gov/LATEST/webapp/#/pages/explorer/crime/crime-trend,"FBI Crime Data Explorer, NIBRS offense 11A (Rape), state victim demographics, 2023",2026-10-02
NE,Asian / Pacific Islander,13,https://cde.ucr.cjis.gov/LATEST/webapp/#/pages/explorer/crime/crime-trend,"FBI Crime Data Explorer, NIBRS offense 11A (Rape), state victim demographics, 2023",2026-10-02
NE,White,529,https://cde.ucr.cjis.gov/LATEST/webapp/#/pages/explorer/crime/crime-trend,"FBI Crime Data Explorer, NIBRS offense 11A (Rape), state victim demographics, 2023",2026-10-02
NE,Unknown,24,https://cde.ucr.cjis.gov/LATEST/webapp/#/pages/explorer/crime/crime-trend,"FBI Crime Data Explorer, NIBRS offense 11A (Rape), state victim demographics, 2023",2026-10-02
NE,Multiracial,0,https://cde.ucr.cjis.gov/LATEST/webapp/#/pages/explorer/crime/crime-trend,"FBI Crime Data Explorer, NIBRS offense 11A (Rape), state victim demographics, 2023",2026-10-02
NE,Black or African American,76,https://cde.ucr.cjis.gov/LATEST/webapp/#/pages/explorer/crime/crime-trend,"FBI Crime Data Explorer, NIBRS offense 11A (Rape), state victim demographics, 2023",2026-10-02
NE,American Indian / Alaska Native,26,https://cde.ucr.cjis.gov/LATEST/webapp/#/pages/explorer/crime/crime-trend,"FBI Crime Data Explorer, NIBRS offense 11A (Rape), state victim demographics, 2023",2026-10-02
NV,Asian / Pacific Islander,43,https://cde.ucr.cjis.gov/LATEST/webapp/#/pages/explorer/crime/crime-trend,"FBI Crime Data Explorer, NIBRS offense 11A (Rape), state victim demographics, 2023",2026-10-02
NV,White,960,https://cde.ucr.cjis.gov/LATEST/webapp/#/pages/explorer/crime/crime-trend,"FBI Crime Data Explorer, NIBRS offense 11A (Rape), state victim demographics, 2023",2026-10-02
NV,Unknown,130,https://cde.ucr.cjis.gov/LATEST/webapp/#/pages/explorer/crime/crime-trend,"FBI Crime Data Explorer, NIBRS offense 11A (Rape), state victim demographics, 2023",2026-10-02
NV,Multiracial,0,https://cde.ucr.cjis.gov/LATEST/webapp/#/pages/explorer/crime/crime-trend,"FBI Crime Data Explorer, NIBRS offense 11A (Rape), state victim demographics, 2023",2026-10-02
NV,Black or African American,278,https://cde.ucr.cjis.gov/LATEST/webapp/#/pages/explorer/crime/crime-trend,"FBI Crime Data Explorer, NIBRS offense 11A (Rape), state victim demographics, 2023",2026-10-02
NV,American Indian / Alaska Native,14,https://cde.ucr.cjis.gov/LATEST/webapp/#/pages/explorer/crime/crime-trend,"FBI Crime Data Explorer, NIBRS offense 11A (Rape), state victim demographics, 2023",2026-10-02
NH,Asian / Pacific Islander,7,https://cde.ucr.cjis.gov/LATEST/webapp/#/pages/explorer/crime/crime-trend,"FBI Crime Data Explorer, NIBRS offense 11A (Rape), state victim demographics, 2023",2026-10-02
NH,White,404,https://cde.ucr.cjis.gov/LATEST/webapp/#/pages/explorer/crime/crime-trend,"FBI Crime Data Explorer, NIBRS offense 11A (Rape), state victim demographics, 2023",2026-10-02
NH,Unknown,24,https://cde.ucr.cjis.gov/LATEST/webapp/#/pages/explorer/crime/crime-trend,"FBI Crime Data Explorer, NIBRS offense 11A (Rape), state victim demographics, 2023",2026-10-02
NH,Multiracial,0,https://cde.ucr.cjis.gov/LATEST/webapp/#/pages/explorer/crime/crime-trend,"FBI Crime Data Explorer, NIBRS offense 11A (Rape), state victim demographics, 2023",2026-10-02
NH,Black or African American,19,https://cde.ucr.cjis.gov/LATEST/webapp/#/pages/explorer/crime/crime-trend,"FBI Crime Data Explorer, NIBRS offense 11A (Rape), state victim demographics, 2023",2026-10-02
NH,American Indian / Alaska Native,1,https://cde.ucr.cjis.gov/LATEST/webapp/#/pages/explorer/crime/crime-trend,"FBI Crime Data Explorer, NIBRS offense 11A (Rape), state victim demographics, 2023",2026-10-02
NJ,Asian / Pacific Islander,32,https://cde.ucr.cjis.gov/LATEST/webapp/#/pages/explorer/crime/crime-trend,"FBI Crime Data Explorer, NIBRS offense 11A (Rape), state victim demographics, 2023",2026-10-02
NJ,White,632,https://cde.ucr.cjis.gov/LATEST/webapp/#/pages/explorer/crime/crime-trend,"FBI Crime Data Explorer, NIBRS offense 11A (Rape), state victim demographics, 2023",2026-10-02
NJ,Unknown,29,https://cde.ucr.cjis.gov/LATEST/webapp/#/pages/explorer/crime/crime-trend,"FBI Crime Data Explorer, NIBRS offense 11A (Rape), state victim demographics, 2023",2026-10-02
NJ,Multiracial,0,https://cde.ucr.cjis.gov/LATEST/webapp/#/pages/explorer/crime/crime-trend,"FBI Crime Data Explorer, NIBRS offense 11A (Rape), state victim demographics, 2023",2026-10-02
NJ,Black or African American,317,https://cde.ucr.cjis.gov/LATEST/webapp/#/pages/explorer/crime/crime-trend,"FBI Crime Data Explorer, NIBRS offense 11A (Rape), state victim demographics, 2023",2026-10-02
NJ,American Indian / Alaska Native,2,https://cde.ucr.cjis.gov/LATEST/webapp/#/pages/explorer/crime/crime-trend,"FBI Crime Data Explorer, NIBRS offense 11A (Rape), state victim demographics, 2023",2026-10-02
NM,Asian / Pacific Islander,8,https://cde.ucr.cjis.gov/LATEST/webapp/#/pages/explorer/crime/crime-trend,"FBI Crime Data Explorer, NIBRS offense 11A (Rape), state victim demographics, 2023",2026-10-02
NM,White,646,https://cde.ucr.cjis.gov/LATEST/webapp/#/pages/explorer/crime/crime-trend,"FBI Crime Data Explorer, NIBRS offense 11A (Rape), state victim demographics, 2023",2026-10-02
NM,Unknown,73,https://cde.ucr.cjis.gov/LATEST/webapp/#/pages/explorer/crime/crime-trend,"FBI Crime Data Explorer, NIBRS offense 11A (Rape), state victim demographics, 2023",2026-10-02
NM,Multiracial,0,https://cde.ucr.cjis.gov/LATEST/webapp/#/pages/explorer/crime/crime-trend,"FBI Crime Data Explorer, NIBRS offense 11A (Rape), state victim demographics, 2023",2026-10-02
NM,Black or African American,45,https://cde.ucr.cjis.gov/LATEST/webapp/#/pages/explorer/crime/crime-trend,"FBI Crime Data Explorer, NIBRS offense 11A (Rape), state victim demographics, 2023",2026-10-02
NM,American Indian / Alaska Native,96,https://cde.ucr.cjis.gov/LATEST/webapp/#/pages/explorer/crime/crime-trend,"FBI Crime Data Explorer, NIBRS offense 11A (Rape), state victim demographics, 2023",2026-10-02
NY,Asian / Pacific Islander,117,https://cde.ucr.cjis.gov/LATEST/webapp/#/pages/explorer/crime/crime-trend,"FBI Crime Data Explorer, NIBRS offense 11A (Rape), state victim demographics, 2023",2026-10-02
NY,White,744,https://cde.ucr.cjis.gov/LATEST/webapp/#/pages/explorer/crime/crime-trend,"FBI Crime Data Explorer, NIBRS offense 11A (Rape), state victim demographics, 2023",2026-10-02
NY,Unknown,537,https://cde.ucr.cjis.gov/LATEST/webapp/#/pages/explorer/crime/crime-trend,"FBI Crime Data Explorer, NIBRS offense 11A (Rape), state victim demographics, 2023",2026-10-02
NY,Multiracial,0,https://cde.ucr.cjis.gov/LATEST/webapp/#/pages/explorer/crime/crime-trend,"FBI Crime Data Explorer, NIBRS offense 11A (Rape), state victim demographics, 2023",2026-10-02
NY,Black or African American,644,https://cde.ucr.cjis.gov/LATEST/webapp/#/pages/explorer/crime/crime-trend,"FBI Crime Data Explorer, NIBRS offense 11A (Rape), state victim demographics, 2023",2026-10-02
NY,American Indian / Alaska Native,6,https://cde.ucr.cjis.gov/LATEST/webapp/#/pages/explorer/crime/crime-trend,"FBI Crime Data Explorer, NIBRS offense 11A (Rape), state victim demographics, 2023",2026-10-02
NC,Asian / Pacific Islander,25,https://cde.ucr.cjis.gov/LATEST/webapp/#/pages/explorer/crime/crime-trend,"FBI Crime Data Explorer, NIBRS offense 11A (Rape), state victim demographics, 2023",2026-10-02
NC,White,1491,https://cde.ucr.cjis.gov/LATEST/webapp/#/pages/explorer/crime/crime-trend,"FBI Crime Data Explorer, NIBRS offense 11A (Rape), state victim demographics, 2023",2026-10-02
NC,Unknown,101,https://cde.ucr.cjis.gov/LATEST/webapp/#/pages/explorer/crime/crime-trend,"FBI Crime Data Explorer, NIBRS offense 11A (Rape), state victim demographics, 2023",2026-10-02
NC,Multiracial,0,https://cde.ucr.cjis.gov/LATEST/webapp/#/pages/explorer/crime/crime-trend,"FBI Crime Data Explorer, NIBRS offense 11A (Rape), state victim demographics, 2023",2026-10-02
NC,Black or African American,726,https://cde.ucr.cjis.gov/LATEST/webapp/#/pages/explorer/crime/crime-trend,"FBI Crime Data Explorer, NIBRS offense 11A (Rape), state victim demographics, 2023",2026-10-02
NC,American Indian / Alaska Native,27,https://cde.ucr.cjis.gov/LATEST/webapp/#/pages/explorer/crime/crime-trend,"FBI Crime Data Explorer, NIBRS offense 11A (Rape), state victim demographics, 2023",2026-10-02
ND,Asian / Pacific Islander,2,https://cde.ucr.cjis.gov/LATEST/webapp/#/pages/explorer/crime/crime-trend,"FBI Crime Data Explorer, NIBRS offense 11A (Rape), state victim demographics, 2023",2026-10-02
ND,White,273,https://cde.ucr.cjis.gov/LATEST/webapp/#/pages/explorer/crime/crime-trend,"FBI Crime Data Explorer, NIBRS offense 11A (Rape), state victim demographics, 2023",2026-10-02
ND,Unknown,13,https://cde.ucr.cjis.gov/LATEST/webapp/#/pages/explorer/crime/crime-trend,"FBI Crime Data Explorer, NIBRS offense 11A (Rape), state victim demographics, 2023",2026-10-02
ND,Multiracial,0,https://cde.ucr.cjis.gov/LATEST/webapp/#/pages/explorer/crime/crime-trend,"FBI Crime Data Explorer, NIBRS offense 11A (Rape), state victim demographics, 2023",2026-10-02
ND,Black or African American,23,https://cde.ucr.cjis.gov/LATEST/webapp/#/pages/explorer/crime/crime-trend,"FBI Crime Data Explorer, NIBRS offense 11A (Rape), state victim demographics, 2023",2026-10-02
ND,American Indian / Alaska Native,60,https://cde.ucr.cjis.gov/LATEST/webapp/#/pages/explorer/crime/crime-trend,"FBI Crime Data Explorer, NIBRS offense 11A (Rape), state victim demographics, 2023",2026-10-02
OH,Asian / Pacific Islander,41,https://cde.ucr.cjis.gov/LATEST/webapp/#/pages/explorer/crime/crime-trend,"FBI Crime Data Explorer, NIBRS offense 11A (Rape), state victim demographics, 2023",2026-10-02
OH,White,3227,https://cde.ucr.cjis.gov/LATEST/webapp/#/pages/explorer/crime/crime-trend,"FBI Crime Data Explorer, NIBRS offense 11A (Rape), state victim demographics, 2023",2026-10-02
OH,Unknown,514,https://cde.ucr.cjis.gov/LATEST/webapp/#/pages/explorer/crime/crime-trend,"FBI Crime Data Explorer, NIBRS offense 11A (Rape), state victim demographics, 2023",2026-10-02
OH,Multiracial,0,https://cde.ucr.cjis.gov/LATEST/webapp/#/pages/explorer/crime/crime-trend,"FBI Crime Data Explorer, NIBRS offense 11A (Rape), state victim demographics, 2023",2026-10-02
OH,Black or African American,1579,https://cde.ucr.cjis.gov/LATEST/webapp/#/pages/explorer/crime/crime-trend,"FBI Crime Data Explorer, NIBRS offense 11A (Rape), state victim demographics, 2023",2026-10-02
OH,American Indian / Alaska Native,6,https://cde.ucr.cjis.gov/LATEST/webapp/#/pages/explorer/crime/crime-trend,"FBI Crime Data Explorer, NIBRS offense 11A (Rape), state victim demographics, 2023",2026-10-02
OK,Asian / Pacific Islander,12,https://cde.ucr.cjis.gov/LATEST/webapp/#/pages/explorer/crime/crime-trend,"FBI Crime Data Explorer, NIBRS offense 11A (Rape), state victim demographics, 2023",2026-10-02
OK,White,1355,https://cde.ucr.cjis.gov/LATEST/webapp/#/pages/explorer/crime/crime-trend,"FBI Crime Data Explorer, NIBRS offense 11A (Rape), state victim demographics, 2023",2026-10-02
OK,Unknown,66,https://cde.ucr.cjis.gov/LATEST/webapp/#/pages/explorer/crime/crime-trend,"FBI Crime Data Explorer, NIBRS offense 11A (Rape), state victim demographics, 2023",2026-10-02
OK,Multiracial,0,https://cde.ucr.cjis.gov/LATEST/webapp/#/pages/explorer/crime/crime-trend,"FBI Crime Data Explorer, NIBRS offense 11A (Rape), state victim demographics, 2023",2026-10-02
OK,Black or African American,290,https://cde.ucr.cjis.gov/LATEST/webapp/#/pages/explorer/crime/crime-trend,"FBI Crime Data Explorer, NIBRS offense 11A (Rape), state victim demographics, 2023",2026-10-02
OK,American Indian / Alaska Native,203,https://cde.ucr.cjis.gov/LATEST/webapp/#/pages/explorer/crime/crime-trend,"FBI Crime Data Explorer, NIBRS offense 11A (Rape), state victim demographics, 2023",2026-10-02
OR,Asian / Pacific Islander,35,https://cde.ucr.cjis.gov/LATEST/webapp/#/pages/explorer/crime/crime-trend,"FBI Crime Data Explorer, NIBRS offense 11A (Rape), state victim demographics, 2023",2026-10-02
OR,White,1150,https://cde.ucr.cjis.gov/LATEST/webapp/#/pages/explorer/crime/crime-trend,"FBI Crime Data Explorer, NIBRS offense 11A (Rape), state victim demographics, 2023",2026-10-02
OR,Unknown,137,https://cde.ucr.cjis.gov/LATEST/webapp/#/pages/explorer/crime/crime-trend,"FBI Crime Data Explorer, NIBRS offense 11A (Rape), state victim demographics, 2023",2026-10-02
OR,Multiracial,0,https://cde.ucr.cjis.gov/LATEST/webapp/#/pages/explorer/crime/crime-trend,"FBI Crime Data Explorer, NIBRS offense 11A (Rape), state victim demographics, 2023",2026-10-02
OR,Black or African American,83,https://cde.ucr.cjis.gov/LATEST/webapp/#/pages/explorer/crime/crime-trend,"FBI Crime Data Explorer, NIBRS offense 11A (Rape), state victim demographics, 2023",2026-10-02
OR,American Indian / Alaska Native,14,https://cde.ucr.cjis.gov/LATEST/webapp/#/pages/explorer/crime/crime-trend,"FBI Crime Data Explorer, NIBRS offense 11A (Rape), state victim demographics, 2023",2026-10-02
PA,Asian / Pacific Islander,24,https://cde.ucr.cjis.gov/LATEST/webapp/#/pages/explorer/crime/crime-trend,"FBI Crime Data Explorer, NIBRS offense 11A (Rape), state victim demographics, 2023",2026-10-02
PA,White,1365,https://cde.ucr.cjis.gov/LATEST/webapp/#/pages/explorer/crime/crime-trend,"FBI Crime Data Explorer, NIBRS offense 11A (Rape), state victim demographics, 2023",2026-10-02
PA,Unknown,35,https://cde.ucr.cjis.gov/LATEST/webapp/#/pages/explorer/crime/crime-trend,"FBI Crime Data Explorer, NIBRS offense 11A (Rape), state victim demographics, 2023",2026-10-02
PA,Multiracial,0,https://cde.ucr.cjis.gov/LATEST/webapp/#/pages/explorer/crime/crime-trend,"FBI Crime Data Explorer, NIBRS offense 11A (Rape), state victim demographics, 2023",2026-10-02
PA,Black or African American,503,https://cde.ucr.cjis.gov/LATEST/webapp/#/pages/explorer/crime/crime-trend,"FBI Crime Data Explorer, NIBRS offense 11A (Rape), state victim demographics, 2023",2026-10-02
PA,American Indian / Alaska Native,2,https://cde.ucr.cjis.gov/LATEST/webapp/#/pages/explorer/crime/crime-trend,"FBI Crime Data Explorer, NIBRS offense 11A (Rape), state victim demographics, 2023",2026-10-02
RI,Asian / Pacific Islander,5,https://cde.ucr.cjis.gov/LATEST/webapp/#/pages/explorer/crime/crime-trend,"FBI Crime Data Explorer, NIBRS offense 11A (Rape), state victim demographics, 2023",2026-10-02
RI,White,266,https://cde.ucr.cjis.gov/LATEST/webapp/#/pages/explorer/crime/crime-trend,"FBI Crime Data Explorer, NIBRS offense 11A (Rape), state victim demographics, 2023",2026-10-02
RI,Unknown,1,https://cde.ucr.cjis.gov/LATEST/webapp/#/pages/explorer/crime/crime-trend,"FBI Crime Data Explorer, NIBRS offense 11A (Rape), state victim demographics, 2023",2026-10-02
RI,Multiracial,0,https://cde.ucr.cjis.gov/LATEST/webapp/#/pages/explorer/crime/crime-trend,"FBI Crime Data Explorer, NIBRS offense 11A (Rape), state victim demographics, 2023",2026-10-02
RI,Black or African American,58,https://cde.ucr.cjis.gov/LATEST/webapp/#/pages/explorer/crime/crime-trend,"FBI Crime Data Explorer, NIBRS offense 11A (Rape), state victim demographics, 2023",2026-10-02
RI,American Indian / Alaska Native,1,https://cde.ucr.cjis.gov/LATEST/webapp/#/pages/explorer/crime/crime-trend,"FBI Crime Data Explorer, NIBRS offense 11A (Rape), state victim demographics, 2023",2026-10-02
SC,Asian / Pacific Islander,15,https://cde.ucr.cjis.gov/LATEST/webapp/#/pages/explorer/crime/crime-trend,"FBI Crime Data Explorer, NIBRS offense 11A (Rape), state victim demographics, 2023",2026-10-02
SC,White,996,https://cde.ucr.cjis.gov/LATEST/webapp/#/pages/explorer/crime/crime-trend,"FBI Crime Data Explorer, NIBRS offense 11A (Rape), state victim demographics, 2023",2026-10-02
SC,Unknown,40,https://cde.ucr.cjis.gov/LATEST/webapp/#/pages/explorer/crime/crime-trend,"FBI Crime Data Explorer, NIBRS offense 11A (Rape), state victim demographics, 2023",2026-10-02
SC,Multiracial,0,https://cde.ucr.cjis.gov/LATEST/webapp/#/pages/explorer/crime/crime-trend,"FBI Crime Data Explorer, NIBRS offense 11A (Rape), state victim demographics, 2023",2026-10-02
SC,Black or African American,562,https://cde.ucr.cjis.gov/LATEST/webapp/#/pages/explorer/crime/crime-trend,"FBI Crime Data Explorer, NIBRS offense 11A (Rape), state victim demographics, 2023",2026-10-02
SC,American Indian / Alaska Native,6,https://cde.ucr.cjis.gov/LATEST/webapp/#/pages/explorer/crime/crime-trend,"FBI Crime Data Explorer, NIBRS offense 11A (Rape), state victim demographics, 2023",2026-10-02
SD,Asian / Pacific Islander,4,https://cde.ucr.cjis.gov/LATEST/webapp/#/pages/explorer/crime/crime-trend,"FBI Crime Data Explorer, NIBRS offense 11A (Rape), state victim demographics, 2023",2026-10-02
SD,White,201,https://cde.ucr.cjis.gov/LATEST/webapp/#/pages/explorer/crime/crime-trend,"FBI Crime Data Explorer, NIBRS offense 11A (Rape), state victim demographics, 2023",2026-10-02
SD,Unknown,28,https://cde.ucr.cjis.gov/LATEST/webapp/#/pages/explorer/crime/crime-trend,"FBI Crime Data Explorer, NIBRS offense 11A (Rape), state victim demographics, 2023",2026-10-02
SD,Multiracial,0,https://cde.ucr.cjis.gov/LATEST/webapp/#/pages/explorer/crime/crime-trend,"FBI Crime Data Explorer, NIBRS offense 11A (Rape), state victim demographics, 2023",2026-10-02
SD,Black or African American,9,https://cde.ucr.cjis.gov/LATEST/webapp/#/pages/explorer/crime/crime-trend,"FBI Crime Data Explorer, NIBRS offense 11A (Rape), state victim demographics, 2023",2026-10-02
SD,American Indian / Alaska Native,159,https://cde.ucr.cjis.gov/LATEST/webapp/#/pages/explorer/crime/crime-trend,"FBI Crime Data Explorer, NIBRS offense 11A (Rape), state victim demographics, 2023",2026-10-02
TN,Asian / Pacific Islander,23,https://cde.ucr.cjis.gov/LATEST/webapp/#/pages/explorer/crime/crime-trend,"FBI Crime Data Explorer, NIBRS offense 11A (Rape), state victim demographics, 2023",2026-10-02
TN,White,1603,https://cde.ucr.cjis.gov/LATEST/webapp/#/pages/explorer/crime/crime-trend,"FBI Crime Data Explorer, NIBRS offense 11A (Rape), state victim demographics, 2023",2026-10-02
TN,Unknown,39,https://cde.ucr.cjis.gov/LATEST/webapp/#/pages/explorer/crime/crime-trend,"FBI Crime Data Explorer, NIBRS offense 11A (Rape), state victim demographics, 2023",2026-10-02
TN,Multiracial,0,https://cde.ucr.cjis.gov/LATEST/webapp/#/pages/explorer/crime/crime-trend,"FBI Crime Data Explorer, NIBRS offense 11A (Rape), state victim demographics, 2023",2026-10-02
TN,Black or African American,644,https://cde.ucr.cjis.gov/LATEST/webapp/#/pages/explorer/crime/crime-trend,"FBI Crime Data Explorer, NIBRS offense 11A (Rape), state victim demographics, 2023",2026-10-02
TN,American Indian / Alaska Native,4,https://cde.ucr.cjis.gov/LATEST/webapp/#/pages/explorer/crime/crime-trend,"FBI Crime Data Explorer, NIBRS offense 11A (Rape), state victim demographics, 2023",2026-10-02
TX,Asian / Pacific Islander,181,https://cde.ucr.cjis.gov/LATEST/webapp/#/pages/explorer/crime/crime-trend,"FBI Crime Data Explorer, NIBRS offense 11A (Rape), state victim demographics, 2023",2026-10-02
TX,White,8983,https://cde.ucr.cjis.gov/LATEST/webapp/#/pages/explorer/crime/crime-trend,"FBI Crime Data Explorer, NIBRS offense 11A (Rape), state victim demographics, 2023",2026-10-02
TX,Unknown,368,https://cde.ucr.cjis.gov/LATEST/webapp/#/pages/explorer/crime/crime-trend,"FBI Crime Data Explorer, NIBRS offense 11A (Rape), state victim demographics, 2023",2026-10-02
TX,Multiracial,0,https://cde.ucr.cjis.gov/LATEST/webapp/#/pages/explorer/crime/crime-trend,"FBI Crime Data Explorer, NIBRS offense 11A (Rape), state victim demographics, 2023",2026-10-02
TX,Black or African American,2407,https://cde.ucr.cjis.gov/LATEST/webapp/#/pages/explorer/crime/crime-trend,"FBI Crime Data Explorer, NIBRS offense 11A (Rape), state victim demographics, 2023",2026-10-02
TX,American Indian / Alaska Native,15,https://cde.ucr.cjis.gov/LATEST/webapp/#/pages/explorer/crime/crime-trend,"FBI Crime Data Explorer, NIBRS offense 11A (Rape), state victim demographics, 2023",2026-10-02
UT,Asian / Pacific Islander,40,https://cde.ucr.cjis.gov/LATEST/webapp/#/pages/explorer/crime/crime-trend,"FBI Crime Data Explorer, NIBRS offense 11A (Rape), state victim demographics, 2023",2026-10-02
UT,White,1373,https://cde.ucr.cjis.gov/LATEST/webapp/#/pages/explorer/crime/crime-trend,"FBI Crime Data Explorer, NIBRS offense 11A (Rape), state victim demographics, 2023",2026-10-02
UT,Unknown,109,https://cde.ucr.cjis.gov/LATEST/webapp/#/pages/explorer/crime/crime-trend,"FBI Crime Data Explorer, NIBRS offense 11A (Rape), state victim demographics, 2023",2026-10-02
UT,Multiracial,0,https://cde.ucr.cjis.gov/LATEST/webapp/#/pages/explorer/crime/crime-trend,"FBI Crime Data Explorer, NIBRS offense 11A (Rape), state victim demographics, 2023",2026-10-02
UT,Black or African American,49,https://cde.ucr.cjis.gov/LATEST/webapp/#/pages/explorer/crime/crime-trend,"FBI Crime Data Explorer, NIBRS offense 11A (Rape), state victim demographics, 2023",2026-10-02
UT,American Indian / Alaska Native,17,https://cde.ucr.cjis.gov/LATEST/webapp/#/pages/explorer/crime/crime-trend,"FBI Crime Data Explorer, NIBRS offense 11A (Rape), state victim demographics, 2023",2026-10-02
VT,Asian / Pacific Islander,2,https://cde.ucr.cjis.gov/LATEST/webapp/#/pages/explorer/crime/crime-trend,"FBI Crime Data Explorer, NIBRS offense 11A (Rape), state victim demographics, 2023",2026-10-02
VT,White,191,https://cde.ucr.cjis.gov/LATEST/webapp/#/pages/explorer/crime/crime-trend,"FBI Crime Data Explorer, NIBRS offense 11A (Rape), state victim demographics, 2023",2026-10-02
VT,Unknown,9,https://cde.ucr.cjis.gov/LATEST/webapp/#/pages/explorer/crime/crime-trend,"FBI Crime Data Explorer, NIBRS offense 11A (Rape), state victim demographics, 2023",2026-10-02
VT,Multiracial,0,https://cde.ucr.cjis.gov/LATEST/webapp/#/pages/explorer/crime/crime-trend,"FBI Crime Data Explorer, NIBRS offense 11A (Rape), state victim demographics, 2023",2026-10-02
VT,Black or African American,14,https://cde.ucr.cjis.gov/LATEST/webapp/#/pages/explorer/crime/crime-trend,"FBI Crime Data Explorer, NIBRS offense 11A (Rape), state victim demographics, 2023",2026-10-02
VT,American Indian / Alaska Native,0,https://cde.ucr.cjis.gov/LATEST/webapp/#/pages/explorer/crime/crime-trend,"FBI Crime Data Explorer, NIBRS offense 11A (Rape), state victim demographics, 2023",2026-10-02
VA,Asian / Pacific Islander,29,https://cde.ucr.cjis.gov/LATEST/webapp/#/pages/explorer/crime/crime-trend,"FBI Crime Data Explorer, NIBRS offense 11A (Rape), state victim demographics, 2023",2026-10-02
VA,White,1294,https://cde.ucr.cjis.gov/LATEST/webapp/#/pages/explorer/crime/crime-trend,"FBI Crime Data Explorer, NIBRS offense 11A (Rape), state victim demographics, 2023",2026-10-02
VA,Unknown,63,https://cde.ucr.cjis.gov/LATEST/webapp/#/pages/explorer/crime/crime-trend,"FBI Crime Data Explorer, NIBRS offense 11A (Rape), state victim demographics, 2023",2026-10-02
VA,Multiracial,0,https://cde.ucr.cjis.gov/LATEST/webapp/#/pages/explorer/crime/crime-trend,"FBI Crime Data Explorer, NIBRS offense 11A (Rape), state victim demographics, 2023",2026-10-02
VA,Black or African American,486,https://cde.ucr.cjis.gov/LATEST/webapp/#/pages/explorer/crime/crime-trend,"FBI Crime Data Explorer, NIBRS offense 11A (Rape), state victim demographics, 2023",2026-10-02
VA,American Indian / Alaska Native,3,https://cde.ucr.cjis.gov/LATEST/webapp/#/pages/explorer/crime/crime-trend,"FBI Crime Data Explorer, NIBRS offense 11A (Rape), state victim demographics, 2023",2026-10-02
WA,Asian / Pacific Islander,100,https://cde.ucr.cjis.gov/LATEST/webapp/#/pages/explorer/crime/crime-trend,"FBI Crime Data Explorer, NIBRS offense 11A (Rape), state victim demographics, 2023",2026-10-02
WA,White,1962,https://cde.ucr.cjis.gov/LATEST/webapp/#/pages/explorer/crime/crime-trend,"FBI Crime Data Explorer, NIBRS offense 11A (Rape), state victim demographics, 2023",2026-10-02
WA,Unknown,312,https://cde.ucr.cjis.gov/LATEST/webapp/#/pages/explorer/crime/crime-trend,"FBI Crime Data Explorer, NIBRS offense 11A (Rape), state victim demographics, 2023",2026-10-02
WA,Multiracial,0,https://cde.ucr.cjis.gov/LATEST/webapp/#/pages/explorer/crime/crime-trend,"FBI Crime Data Explorer, NIBRS offense 11A (Rape), state victim demographics, 2023",2026-10-02
WA,Black or African American,255,https://cde.ucr.cjis.gov/LATEST/webapp/#/pages/explorer/crime/crime-trend,"FBI Crime Data Explorer, NIBRS offense 11A (Rape), state victim demographics, 2023",2026-10-02
WA,American Indian / Alaska Native,94,https://cde.ucr.cjis.gov/LATEST/webapp/#/pages/explorer/crime/crime-trend,"FBI Crime Data Explorer, NIBRS offense 11A (Rape), state victim demographics, 2023",2026-10-02
WV,Asian / Pacific Islander,2,https://cde.ucr.cjis.gov/LATEST/webapp/#/pages/explorer/crime/crime-trend,"FBI Crime Data Explorer, NIBRS offense 11A (Rape), state victim demographics, 2023",2026-10-02
WV,White,656,https://cde.ucr.cjis.gov/LATEST/webapp/#/pages/explorer/crime/crime-trend,"FBI Crime Data Explorer, NIBRS offense 11A (Rape), state victim demographics, 2023",2026-10-02
WV,Unknown,41,https://cde.ucr.cjis.gov/LATEST/webapp/#/pages/explorer/crime/crime-trend,"FBI Crime Data Explorer, NIBRS offense 11A (Rape), state victim demographics, 2023",2026-10-02
WV,Multiracial,0,https://cde.ucr.cjis.gov/LATEST/webapp/#/pages/explorer/crime/crime-trend,"FBI Crime Data Explorer, NIBRS offense 11A (Rape), state victim demographics, 2023",2026-10-02
WV,Black or African American,46,https://cde.ucr.cjis.gov/LATEST/webapp/#/pages/explorer/crime/crime-trend,"FBI Crime Data Explorer, NIBRS offense 11A (Rape), state victim demographics, 2023",2026-10-02
WV,American Indian / Alaska Native,0,https://cde.ucr.cjis.gov/LATEST/webapp/#/pages/explorer/crime/crime-trend,"FBI Crime Data Explorer, NIBRS offense 11A (Rape), state victim demographics, 2023",2026-10-02
WI,Asian / Pacific Islander,27,https://cde.ucr.cjis.gov/LATEST/webapp/#/pages/explorer/crime/crime-trend,"FBI Crime Data Explorer, NIBRS offense 11A (Rape), state victim demographics, 2023",2026-10-02
WI,White,1300,https://cde.ucr.cjis.gov/LATEST/webapp/#/pages/explorer/crime/crime-trend,"FBI Crime Data Explorer, NIBRS offense 11A (Rape), state victim demographics, 2023",2026-10-02
WI,Unknown,68,https://cde.ucr.cjis.gov/LATEST/webapp/#/pages/explorer/crime/crime-trend,"FBI Crime Data Explorer, NIBRS offense 11A (Rape), state victim demographics, 2023",2026-10-02
WI,Multiracial,0,https://cde.ucr.cjis.gov/LATEST/webapp/#/pages/explorer/crime/crime-trend,"FBI Crime Data Explorer, NIBRS offense 11A (Rape), state victim demographics, 2023",2026-10-02
WI,Black or African American,362,https://cde.ucr.cjis.gov/LATEST/webapp/#/pages/explorer/crime/crime-trend,"FBI Crime Data Explorer, NIBRS offense 11A (Rape), state victim demographics, 2023",2026-10-02
WI,American Indian / Alaska Native,50,https://cde.ucr.cjis.gov/LATEST/webapp/#/pages/explorer/crime/crime-trend,"FBI Crime Data Explorer, NIBRS offense 11A (Rape), state victim demographics, 2023",2026-10-02
WY,Asian / Pacific Islander,2,https://cde.ucr.cjis.gov/LATEST/webapp/#/pages/explorer/crime/crime-trend,"FBI Crime Data Explorer, NIBRS offense 11A (Rape), state victim demographics, 2023",2026-10-02
WY,White,235,https://cde.ucr.cjis.gov/LATEST/webapp/#/pages/explorer/crime/crime-trend,"FBI Crime Data Explorer, NIBRS offense 11A (Rape), state victim demographics, 2023",2026-10-02
WY,Unknown,0,https://cde.ucr.cjis.gov/LATEST/webapp/#/pages/explorer/crime/crime-trend,"FBI Crime Data Explorer, NIBRS offense 11A (Rape), state victim demographics, 2023",2026-10-02
WY,Multiracial,0,https://cde.ucr.cjis.gov/LATEST/webapp/#/pages/explorer/crime/crime-trend,"FBI Crime Data Explorer, NIBRS offense 11A (Rape), state victim demographics, 2023",2026-10-02
WY,Black or African American,5,https://cde.ucr.cjis.gov/LATEST/webapp/#/pages/explorer/crime/crime-trend,"FBI Crime Data Explorer, NIBRS offense 11A (Rape), state victim demographics, 2023",2026-10-02
WY,American Indian / Alaska Native,15,https://cde.ucr.cjis.gov/LATEST/webapp/#/pages/explorer/crime/crime-trend,"FBI Crime Data Explorer, NIBRS offense 11A (Rape), state victim demographics, 2023",2026-10-02
