iso3,name,region,npsv_lifetime_pct,ipv_lifetime_pct,ipv_12m_pct,dv_law,dv_criminal_penalties,dv_protection_orders,dv_covers_sexual_incl_marital_rape,dv_covers_sexual_incl_marital_rape_basis,harassment_employment,harassment_education,harassment_public_places,harassment_cyber,marriage_age_18,marriage_no_parental_exception_under_18,femicide_crime,femicide_aggravated_penalties
AFG,Afghanistan,"Middle East, North Africa, Afghanistan & Pakistan",,50.7,35.1,No,No,No,No,No applicable provisions could be located,No,No,No,No,No,No,No,No
ALB,Albania,Europe & Central Asia,1.4,18.7,2.4,Yes,Yes,Yes,Yes,"Law on Measures against Violence in Family Relations, Art. 3(1)-(2); Penal Code, Art. 102",Yes,Yes,No,No,Yes,Yes,No,Yes
DZA,Algeria,"Middle East, North Africa, Afghanistan & Pakistan",,,,Yes,Yes,Yes,No,No applicable provisions could be located,Yes,No,Yes,No,No,Yes,No,No
AGO,Angola,Sub-Saharan Africa,5.5,33.7,20.6,Yes,Yes,Yes,Yes,"Domestic Violence Act, Art. 3(2)(a); Penal Code, Arts. 182-183",Yes,No,No,No,Yes,No,No,No
ATG,Antigua and Barbuda,Latin America & Caribbean,,,,Yes,No,Yes,No,No applicable provisions could be located,No,No,No,Yes,Yes,Yes,No,No
ARG,Argentina,Latin America & Caribbean,,34.8,9.6,Yes,Yes,Yes,Yes,"Ley No. 26.485 de Protección Integral a las Mujeres, Arts. 5(3) y 6(a)",Yes,No,Yes,Yes,Yes,No,No,Yes
ARM,Armenia,Europe & Central Asia,,9,3.2,Yes,Yes,Yes,Yes,"Law on Prevention of Domestic Violence, Art. 3(1)-(2)(2) (as amended 2024); Criminal Code, Arts. 3(1)(18) and 198(2)(3)",No,No,No,No,Yes,No,No,No
AUS,Australia,East Asia & Pacific,20.8,20.9,1.5,Yes,Yes,Yes,Yes,"Family Law Act 1975, Sec. 4AB(2)(b); Crimes (Domestic and Personal Violence) Act 2007, Secs. 4 and 11; Crimes Act 1900, Secs. 61I and 61KA",Yes,Yes,No,Yes,Yes,Yes,No,No
AUT,Austria,Europe & Central Asia,24.1,18.1,1.9,Yes,Yes,Yes,No,No applicable provisions could be located,Yes,No,Yes,Yes,Yes,No,No,No
AZE,Azerbaijan,Europe & Central Asia,0.8,15,6.2,Yes,No,Yes,Yes,"Law on Prevention of Domestic Violence, Art. 1.0.6; Criminal Code, Arts. 108 and 149",Yes,No,No,No,Yes,Yes,No,No
BHS,"Bahamas, The",Latin America & Caribbean,19.8,25,3.7,Yes,No,Yes,No,No applicable provisions could be located,Yes,No,No,No,Yes,No,No,No
BHR,Bahrain,"Middle East, North Africa, Afghanistan & Pakistan",,,,Yes,No,Yes,Yes,"Law No. 17 of 2015 on Protection from Domestic Violence, Art. 1; Bahrain Penal Code, Art. 344",Yes,No,No,No,No,Yes,No,No
BGD,Bangladesh,South Asia,2.6,48.8,14.5,Yes,No,Yes,No,No applicable provisions could be located,No,No,Yes,No,Yes,No,No,No
BRB,Barbados,Latin America & Caribbean,,,,Yes,No,Yes,Yes,"Domestic Violence (Protection Orders) (Amendment) Act, 2016, Sec. 2; Sexual Offences Act; Sexual Offences (Amendment) Act, 2016, Sec. 2",Yes,No,No,Yes,Yes,No,No,No
BLR,Belarus,Europe & Central Asia,13.5,19.1,5.3,Yes,No,Yes,Yes,"Law on Basic Activities Aimed at Offence Prevention, Art. 1; Criminal Code, Art. 166",No,No,No,No,Yes,Yes,No,No
BEL,Belgium,Europe & Central Asia,12.7,16.5,4.7,Yes,Yes,Yes,Yes,"Loi du 13 juillet 2023, Art. 4(1)(12); Code Pénal, Art. 417/19",Yes,No,No,No,Yes,No,No,No
BLZ,Belize,Latin America & Caribbean,4.3,22,7.3,Yes,Yes,Yes,No,No applicable provisions could be located,Yes,Yes,No,Yes,Yes,Yes,No,No
BEN,Benin,Sub-Saharan Africa,2.1,18.5,8.5,Yes,Yes,No,Yes,"Loi No. 2011-26 du 09 janvier 2012, Arts. 2 et 3",Yes,Yes,No,Yes,Yes,No,No,No
BTN,Bhutan,South Asia,6.8,18.3,5.6,Yes,Yes,Yes,Yes,"Domestic Violence Prevention Act, Sec. 4(2); Penal Code, Secs. 199-200",Yes,No,No,Yes,Yes,Yes,No,No
BOL,Bolivia,Latin America & Caribbean,8.8,52.6,13.7,Yes,Yes,Yes,Yes,"Ley No. 348/2013, Arts. 7(7) y (15); Código Penal, Arts. 272 bis, 308 y 310(f)",Yes,No,No,No,Yes,Yes,Yes,N/A
BIH,Bosnia and Herzegovina,Europe & Central Asia,1.6,9.6,3,Yes,Yes,Yes,Yes,"Law on Protection from Domestic Violence and Violence Against Women in FBiH, Arts. 8-9; Criminal Code of FBiH, Art. 203",Yes,Yes,No,No,Yes,Yes,Yes,N/A
BWA,Botswana,Sub-Saharan Africa,24.7,36,15.1,Yes,No,Yes,Yes,"Domestic Violence Act, Sec. 2; Penal Code, Sec. 141",No,No,No,Yes,Yes,Yes,No,No
BRA,Brazil,Latin America & Caribbean,6,19.6,2.2,Yes,Yes,Yes,Yes,"Maria da Penha Law (Domestic Violence), Art. 7(III); Criminal Code, Arts. 213 and 226(II)",Yes,No,No,Yes,Yes,No,Yes,N/A
BRN,Brunei Darussalam,East Asia & Pacific,,,,Yes,No,Yes,No,No applicable provisions could be located,No,No,No,No,No,Yes,No,No
BGR,Bulgaria,Europe & Central Asia,2.8,7.5,3.3,Yes,Yes,Yes,Yes,"Protection Against Domestic Violence Act, Art. 2(1); Criminal Code, Art. 152",Yes,Yes,No,Yes,Yes,Yes,No,No
BFA,Burkina Faso,Sub-Saharan Africa,1.4,17.3,9.2,Yes,Yes,Yes,Yes,"Code Pénal, Arts. 531-8 et 533-10-533-11",Yes,No,No,Yes,Yes,No,No,No
BDI,Burundi,Sub-Saharan Africa,15.4,47.5,23.6,Yes,Yes,No,Yes,"Loi No. 1/13 du 22 septembre 2016, Arts. 2(f),(i), (x), 2(i) et 27",Yes,No,No,No,Yes,Yes,No,No
CPV,Cabo Verde,Sub-Saharan Africa,,17.1,12.7,Yes,Yes,Yes,Yes,"Law on Gender-Based Violence, Arts. 2(3), 3(c)(iii) and 23",Yes,No,No,No,Yes,No,No,No
KHM,Cambodia,East Asia & Pacific,0.7,10.9,4.3,Yes,Yes,Yes,Yes,"Law on the Prevention of Domestic Violence and the Protection of Victims, Arts. 3 and 7; Criminal Code, Art. 239",Yes,No,No,No,Yes,No,No,No
CMR,Cameroon,Sub-Saharan Africa,11.4,35.9,9.4,No,No,No,No,No applicable provisions could be located,Yes,Yes,No,No,Yes,No,No,No
CAN,Canada,North America,,23.3,7.4,Yes,Yes,Yes,Yes,"Divorce Act, Sec. 2(1); Criminal Code, Secs. 271 and 278",Yes,No,No,Yes,Yes,No,No,No
CAF,Central African Republic,Sub-Saharan Africa,,29,23.8,Yes,Yes,Yes,Yes,"Loi No. 06.032 du 27 décembre 2006, Arts. 1, 2, 9, 27 et 29",Yes,No,No,No,Yes,Yes,No,No
TCD,Chad,Sub-Saharan Africa,7.1,27.6,12.8,Yes,Yes,No,Yes,"Ordonnance No. 009/PR/2025 du 21/01/2025, Art. 1",Yes,No,Yes,No,Yes,Yes,No,No
CHL,Chile,Latin America & Caribbean,5.4,23.3,3.6,Yes,No,Yes,Yes,"Ley 21.675, Art. 54(5) (Ley 20066, Art. 5); Código Penal, Arts. 361 y 369",No,No,Yes,No,Yes,Yes,Yes,N/A
CHN,China,East Asia & Pacific,7,19.4,9.1,Yes,Yes,Yes,No,No applicable provisions could be located,Yes,Yes,Yes,No,Yes,Yes,No,No
COL,Colombia,Latin America & Caribbean,7.9,30.8,13.5,Yes,Yes,Yes,Yes,"Ley No. 294 de 1996, Art. 4; Ley No. 1257 de 2008, Arts. 2 y 3(c); Ley 599 de 2000, Arts. 205-206 y 211(5)",Yes,Yes,No,No,Yes,Yes,Yes,N/A
COM,Comoros,Sub-Saharan Africa,2.5,8.2,5.5,Yes,Yes,No,Yes,"Décret portant prévention et répression des violences faites aux femmes, Arts. 1 et 2",Yes,No,No,No,No,Yes,No,No
COD,"Congo, Dem. Rep.",Sub-Saharan Africa,17.6,47.8,31.4,No,No,No,No,No applicable provisions could be located,Yes,No,No,Yes,Yes,Yes,No,No
COG,"Congo, Rep.",Sub-Saharan Africa,,,,Yes,Yes,Yes,Yes,"Loi Mouebara portant lutte contre les violences faites aux femmes, Arts. 6-7; Code Pénal, Art. 332",Yes,Yes,Yes,Yes,Yes,No,No,No
CRI,Costa Rica,Latin America & Caribbean,28.9,35.1,5.2,Yes,Yes,Yes,Yes,"Ley contra la Violencia Doméstica, Art. 2(a) y (d); Ley de Penalización de la Violencia contra las Mujeres, Arts. 1 y 29-32",Yes,Yes,Yes,Yes,Yes,Yes,Yes,N/A
CIV,Cote d'Ivoire,Sub-Saharan Africa,4,20.2,11.6,Yes,Yes,Yes,No,No applicable provisions could be located,Yes,No,No,Yes,Yes,Yes,No,No
HRV,Croatia,Europe & Central Asia,11.6,11.1,2.1,Yes,Yes,Yes,Yes,"Criminal Code, Arts. 87(8-9), 153, 154 and 156",Yes,Yes,No,No,Yes,Yes,No,Yes
CUB,Cuba,Latin America & Caribbean,,8.3,4.5,,,,,,,,,,,,,
CYP,Cyprus,Europe & Central Asia,6.9,31.6,5.8,Yes,Yes,Yes,Yes,"Violence in the Family Law, Secs. 3(1) and 5; Law on Preventing and Combating Violence Against Women and Domestic Violence, Sec. 2",Yes,No,No,No,Yes,Yes,Yes,N/A
CZE,Czechia,Europe & Central Asia,5.9,12.3,2.5,Yes,Yes,Yes,No,No applicable provisions could be located,Yes,Yes,No,No,Yes,Yes,No,No
DNK,Denmark,Europe & Central Asia,31.4,26.1,2.5,Yes,Yes,Yes,Yes,"Criminal Code, Ch. 24 and Sec. 216; Act on Detention, Restraining Orders and Expulsion, Sec. 8",Yes,No,No,No,Yes,Yes,No,No
DJI,Djibouti,"Middle East, North Africa, Afghanistan & Pakistan",,9.8,5.4,Yes,Yes,Yes,Yes,"Loi No. 66/AN/719/8ème, Art. 3; Code Pénal, Art. 343",Yes,No,No,No,No,No,No,No
DMA,Dominica,Latin America & Caribbean,,,,Yes,Yes,Yes,Yes,"Domestic Violence Act No. 14 of 2023, Secs. 2(1) and 3; Sexual Offences (Amendment) Act 2016, Secs. 3(3) and (5)",No,No,No,No,Yes,No,No,No
DOM,Dominican Republic,Latin America & Caribbean,9.7,26.4,20.5,Yes,Yes,Yes,Yes,"Código Penal, Arts. 309-1 y 332",Yes,No,No,Yes,Yes,Yes,No,No
ECU,Ecuador,Latin America & Caribbean,7.4,24.8,8.8,Yes,Yes,Yes,Yes,"Ley para la Prevención y Erradicación de la Violencia de Género contra las Mujeres, Arts. 10(c) y 12(1); Código Penal, Arts. 155 y 158",Yes,Yes,No,Yes,Yes,Yes,Yes,N/A
EGY,"Egypt, Arab Rep.","Middle East, North Africa, Afghanistan & Pakistan",1.9,32.6,14.7,Yes,Yes,Yes,No,No applicable provisions could be located,Yes,Yes,Yes,Yes,No,Yes,No,No
SLV,El Salvador,Latin America & Caribbean,23,15.8,4.8,Yes,Yes,Yes,Yes,"Ley Contra la Violencia Intrafamiliar, Art. 3(c); Ley […] para una Vida Libre de Violencia para las Mujeres, Arts. 8(k) y 9(f); Código Penal, Art. 158",Yes,No,No,Yes,Yes,Yes,Yes,N/A
GNQ,Equatorial Guinea,Sub-Saharan Africa,,53,35.2,No,No,No,No,No applicable provisions could be located,Yes,Yes,No,No,Yes,No,No,No
ERI,Eritrea,Sub-Saharan Africa,,,,No,No,No,No,No applicable provisions could be located,Yes,Yes,No,No,Yes,Yes,No,No
EST,Estonia,Europe & Central Asia,16.5,21.8,2.4,No,No,No,No,No applicable provisions could be located,Yes,Yes,No,No,Yes,Yes,No,No
SWZ,Eswatini,Sub-Saharan Africa,,,15.6,Yes,Yes,Yes,Yes,"Sexual Offences and Domestic Violence Act, 2018, Secs. 2, 77 and 151",No,No,No,Yes,Yes,No,No,No
ETH,Ethiopia,Sub-Saharan Africa,3.9,27.2,19.1,Yes,Yes,No,No,No applicable provisions could be located,Yes,Yes,Yes,Yes,Yes,Yes,No,No
FJI,Fiji,East Asia & Pacific,11.5,59.5,20.7,Yes,No,Yes,Yes,"Domestic Violence Act, Part 1, Sec. 3(2)(b); Crimes Act 2009, Sec. 207",Yes,Yes,Yes,No,Yes,Yes,No,No
FIN,Finland,Europe & Central Asia,35.6,36.3,2.4,Yes,No,Yes,No,No applicable provisions could be located,Yes,No,No,Yes,Yes,Yes,No,No
FRA,France,Europe & Central Asia,19.2,18.2,3,Yes,Yes,Yes,Yes,"Code Pénal, Art. 222-24(11)",Yes,No,Yes,Yes,Yes,No,No,Yes
GAB,Gabon,Sub-Saharan Africa,9.6,37.6,21.6,Yes,Yes,Yes,Yes,"Loi portant élimination des violences faites aux femmes, Arts. 2 et 36",Yes,No,No,No,Yes,Yes,No,Yes
GMB,"Gambia, The",Sub-Saharan Africa,5.9,34.8,9,Yes,Yes,Yes,No,No applicable provisions could be located,No,Yes,No,No,Yes,Yes,No,No
GEO,Georgia,Europe & Central Asia,1.9,7.4,1.1,Yes,Yes,Yes,Yes,"Law on Elimination of Domestic Violence, Protection and Support of Victims of Domestic Violence, Arts. 3 and 4(d); Criminal Code, Arts. 11-1 and 137",Yes,No,No,Yes,Yes,Yes,No,Yes
DEU,Germany,Europe & Central Asia,11.1,14.8,4.2,Yes,No,Yes,Yes,"Law on Civil Protection Against Acts of Violence and Stalking, Sec. 1; Criminal Code, Sec. 177",Yes,No,No,Yes,Yes,Yes,No,No
GHA,Ghana,Sub-Saharan Africa,8.9,24.2,12.1,Yes,Yes,Yes,Yes,"Domestic Violence Act, Sec. 1(b)(ii); Criminal Offences Act, Sec. 97",Yes,No,No,No,Yes,Yes,No,No
GRC,Greece,Europe & Central Asia,16.5,22,4.1,Yes,Yes,Yes,Yes,"Law No. 3500/2006, Arts. 1 and 9(1)",Yes,No,No,No,Yes,Yes,No,No
GRD,Grenada,Latin America & Caribbean,22.6,27.4,5.9,Yes,Yes,Yes,Yes,"Domestic Violence Act, 2010, Sec. 2; Criminal Code (Amendment) Act, 2012, Sec. 19(177(3))",No,No,No,No,Yes,No,No,No
GTM,Guatemala,Latin America & Caribbean,6.1,20,6.6,Yes,Yes,Yes,Yes,"Decreto No. 97-96, Art. 1; Decreto No. 22-2008, Arts. 1, 3(j) y (l), y 7; Código Penal, Arts. 173 y 174",No,No,No,No,Yes,Yes,Yes,N/A
GIN,Guinea,Sub-Saharan Africa,,36.3,17.6,No,No,No,No,No applicable provisions could be located,Yes,No,No,No,Yes,Yes,No,No
GNB,Guinea-Bissau,Sub-Saharan Africa,,,,Yes,Yes,Yes,Yes,"Law No. 6/2014, Arts. 4(a), (e) and (f) and 25",No,No,Yes,No,Yes,No,No,No
GUY,Guyana,Latin America & Caribbean,10.2,35.5,10.5,Yes,No,Yes,Yes,"Family Violence Act 2024, Secs. 2 and 3(1)(a)(i) and (2)(b); Sexual Offences Act 2010, Secs. 3 and 37",Yes,No,No,Yes,Yes,No,No,No
HTI,Haiti,Latin America & Caribbean,9.3,25.6,11,No,No,No,No,No applicable provisions could be located,No,No,No,No,Yes,No,No,No
HND,Honduras,Latin America & Caribbean,6.1,25.6,5.5,Yes,Yes,Yes,Yes,"Ley contra la Violencia Doméstica Reformada, Arts. 1 y 5; Código Penal, Art. 249",Yes,Yes,No,No,Yes,Yes,Yes,N/A
HKG,"Hong Kong SAR, China",East Asia & Pacific,10.4,9.5,1.9,Yes,Yes,Yes,No,No applicable provisions could be located,Yes,Yes,No,No,Yes,No,No,No
HUN,Hungary,Europe & Central Asia,9.5,42.3,4.9,Yes,Yes,Yes,Yes,"Act LXXII on Restraining Orders Related to Violence Between Relatives, Ch. 1, Sec. 1(1)(a); Criminal Code, Secs. 197(3)(b) and 459(14)",No,No,No,No,Yes,Yes,No,No
ISL,Iceland,Europe & Central Asia,,24.1,2,Yes,Yes,Yes,Yes,"Act on Restraining Orders, Arts. 4-5; Penal Code, Arts. 70 and 194",Yes,Yes,No,No,Yes,Yes,No,No
IND,India,South Asia,3.8,29.9,20.3,Yes,Yes,Yes,No,No applicable provisions could be located,Yes,No,No,Yes,Yes,Yes,No,No
IDN,Indonesia,East Asia & Pacific,16.1,11.6,3.1,Yes,Yes,Yes,Yes,"Law Regarding Elimination of Violence in Household, Arts. 1(1), 5, 8, 46, 47 and 53",Yes,Yes,No,Yes,Yes,Yes,No,No
IRN,"Iran, Islamic Rep.","Middle East, North Africa, Afghanistan & Pakistan",,,,No,No,No,No,No applicable provisions could be located,No,No,Yes,No,No,No,No,No
IRQ,Iraq,"Middle East, North Africa, Afghanistan & Pakistan",,19.7,,No,No,No,No,No applicable provisions could be located,Yes,No,Yes,No,Yes,Yes,No,No
IRL,Ireland,Europe & Central Asia,25.6,24,4.1,Yes,Yes,Yes,No,No applicable provisions could be located,Yes,Yes,Yes,Yes,Yes,Yes,No,No
ISR,Israel,"Middle East, North Africa, Afghanistan & Pakistan",,,4.8,Yes,Yes,Yes,Yes,"Prevention of Family Violence Law, Sec. 3(1); Penal Law, Sec. 345",Yes,Yes,No,Yes,Yes,Yes,No,No
ITA,Italy,Europe & Central Asia,20.9,14.1,2.5,Yes,Yes,Yes,Yes,"Law No. 119/2013, Arts. 1(2) and 3(1); Penal Code, Arts. 609-bis and 609-ter(5-quater)",Yes,No,No,Yes,Yes,Yes,No,No
JAM,Jamaica,Latin America & Caribbean,15.8,20,5.2,Yes,No,Yes,No,No applicable provisions could be located,Yes,Yes,No,Yes,Yes,No,No,No
JPN,Japan,East Asia & Pacific,7,14.1,3.4,Yes,No,Yes,No,No applicable provisions could be located,No,No,Yes,Yes,Yes,Yes,No,No
JOR,Jordan,"Middle East, North Africa, Afghanistan & Pakistan",,11.4,8.9,Yes,No,Yes,No,No applicable provisions could be located,Yes,No,No,No,No,Yes,No,No
KAZ,Kazakhstan,Europe & Central Asia,1.5,15.6,4.1,Yes,No,Yes,Yes,"Law on Prevention of Domestic Violence, Arts. 4(1) and (4); Criminal Code, Art. 120",No,No,No,No,Yes,Yes,No,No
KEN,Kenya,Sub-Saharan Africa,5.8,31.2,13.6,Yes,No,Yes,No,No applicable provisions could be located,Yes,Yes,No,Yes,Yes,Yes,No,No
KIR,Kiribati,East Asia & Pacific,9.5,54.4,37.2,Yes,Yes,Yes,Yes,"Family Peace Act, Sec. 4(2)(b); Penal Code, Secs. 127-129",Yes,No,No,Yes,Yes,Yes,No,No
KOR,"Korea, Rep.",East Asia & Pacific,,11.5,8.1,Yes,Yes,Yes,Yes,"Special Cases on the Punishment of Crimes of Domestic Violence Act, Art. 2(3)(3)",Yes,Yes,Yes,Yes,Yes,Yes,No,No
XKX,Kosovo,Europe & Central Asia,,,,Yes,Yes,Yes,Yes,"Law on […] Domestic Violence, Violence against Women and Gender-Based Violence, Arts. 3(1.3) and 63; Criminal Code, Arts. 113(25.1) and 227(4.9)",Yes,Yes,No,No,Yes,Yes,No,Yes
KWT,Kuwait,"Middle East, North Africa, Afghanistan & Pakistan",,,,Yes,No,Yes,Yes,"Law on Protection from Domestic Violence, Art. 1(2); Criminal Code, Art. 186",Yes,No,No,No,No,Yes,No,No
KGZ,Kyrgyz Republic,Europe & Central Asia,0.7,23.5,11.3,Yes,Yes,Yes,No,No applicable provisions could be located,Yes,No,No,No,Yes,Yes,No,No
LAO,Lao PDR,East Asia & Pacific,5.2,14,5.2,Yes,Yes,Yes,Yes,"Law on Preventing and Combatting Violence against Women and Children, Arts. 10 and 79; Penal Code, Art. 252",No,No,No,No,Yes,Yes,No,No
LVA,Latvia,Europe & Central Asia,7,14.4,2.2,Yes,Yes,Yes,Yes,"Civil Procedure Law, Sec. 250.45; Criminal Law, Secs. 48(1)(15) and 159",Yes,No,No,No,Yes,No,No,No
LBN,Lebanon,"Middle East, North Africa, Afghanistan & Pakistan",,39.2,,Yes,Yes,Yes,No,No applicable provisions could be located,Yes,Yes,Yes,Yes,No,No,No,No
LSO,Lesotho,Sub-Saharan Africa,12.4,28.1,19.4,Yes,Yes,Yes,No,No applicable provisions could be located,Yes,No,No,No,Yes,No,No,No
LBR,Liberia,Sub-Saharan Africa,5.3,34.8,30.8,Yes,Yes,No,Yes,"Domestic Violence Act, Sec. 16.20; Rape Amendment Act of 2006, Sec. 2",Yes,No,No,No,Yes,No,No,No
LBY,Libya,"Middle East, North Africa, Afghanistan & Pakistan",,,,No,No,No,No,No applicable provisions could be located,No,No,Yes,Yes,No,Yes,No,No
LTU,Lithuania,Europe & Central Asia,7,13.3,3.4,Yes,Yes,Yes,Yes,"Amendment Law No. XI-1425 on Protection against Domestic Violence, Art. 2(5); Criminal Code, Art. 149",Yes,Yes,No,No,Yes,Yes,No,No
LUX,Luxembourg,Europe & Central Asia,25.4,28.7,4.7,Yes,Yes,Yes,Yes,"Code Pénal, Arts. 375 et 377; Loi du 8 septembre 2003 sur la violence domestique, Art. VI(3)",Yes,No,No,No,Yes,No,No,Yes
MDG,Madagascar,Sub-Saharan Africa,9,28.1,13.6,Yes,Yes,Yes,Yes,"Loi No. 2019-008 relative à la Lutte contre les Violences Basées sur le Genre, Arts. 2 et 6",Yes,No,No,No,Yes,Yes,No,No
MWI,Malawi,Sub-Saharan Africa,11.4,35.9,19.5,Yes,Yes,Yes,No,No applicable provisions could be located,Yes,No,No,Yes,Yes,Yes,No,No
MYS,Malaysia,East Asia & Pacific,,14.3,,Yes,Yes,Yes,No,No applicable provisions could be located,No,No,No,No,No,Yes,No,No
MDV,Maldives,South Asia,12.6,14,4.5,Yes,Yes,Yes,Yes,"Domestic Violence Act, Sec. 4(a)(2); First Amendment to the Sexual Offences Act, Sec. 1; Sexual Offences Act, 2014, Sec. 6",Yes,Yes,No,No,No,Yes,No,No
MLI,Mali,Sub-Saharan Africa,4.9,39.8,16,Yes,Yes,No,No,No applicable provisions could be located,Yes,No,No,Yes,Yes,No,Yes,N/A
MLT,Malta,"Middle East, North Africa, Afghanistan & Pakistan",9.2,15.8,3.7,Yes,Yes,Yes,Yes,"Gender Based Violence and Domestic Violence Act, Art. 2; Criminal Code, Art. 202(h)(i)",Yes,Yes,No,Yes,Yes,No,Yes,N/A
MHL,Marshall Islands,East Asia & Pacific,11.9,42.9,15.3,Yes,Yes,Yes,Yes,"Domestic Violence Prevention and Protection Act, Secs. 903(p) and 904(1)(c); Criminal Code, Secs. 213.1-213.4",No,No,No,Yes,Yes,Yes,No,No
MRT,Mauritania,Sub-Saharan Africa,2.8,9.2,5.5,No,No,No,No,No applicable provisions could be located,No,No,No,No,No,No,No,No
MUS,Mauritius,Sub-Saharan Africa,,,,Yes,Yes,Yes,Yes,"Protection from Domestic Violence Act, as amended by Act No. 27 of 2016, Sec. 2",Yes,Yes,No,Yes,Yes,Yes,No,No
MEX,Mexico,Latin America & Caribbean,26.1,21.3,6.7,Yes,Yes,Yes,Yes,"Ley General de Acceso de las Mujeres a una Vida Libre de Violencia, Arts. 6(V) y 7; Código Penal Federal, Art. 265-265 bis y 266 bis(II); Ley de Acceso de las Mujeres a una Vida Libre de Violencia del Distrito Federal, Titulo II, Cap I, Art. 6(V); Código Penal para el Distrito Federal, Art. 200 y Titulo Quinto, Cap I Art. 174",Yes,Yes,No,No,Yes,Yes,Yes,N/A
FSM,"Micronesia, Fed. Sts.",East Asia & Pacific,7.8,30.9,21.5,Yes,Yes,Yes,No,No applicable provisions could be located,No,No,No,Yes,Yes,No,No,No
MDA,Moldova,Europe & Central Asia,5.3,28.1,8.5,Yes,Yes,Yes,Yes,"Law on Preventing and Combating Family Violence, Art. 2; Criminal Code, Art. 171(2.с)",Yes,No,No,No,Yes,No,No,Yes
MNG,Mongolia,East Asia & Pacific,10,27.9,10.5,Yes,Yes,Yes,Yes,"Law on Combating Domestic Violence, Arts. 6.1.4 and 6.5; Criminal Code, Art. 12.1.2.3",Yes,No,No,No,Yes,No,No,No
MNE,Montenegro,Europe & Central Asia,1.5,8.3,4,Yes,Yes,Yes,Yes,"Law on Domestic Violence Protection, Arts. 2 and 8(6); Criminal Code, Art. 204",Yes,Yes,No,Yes,Yes,Yes,No,No
MAR,Morocco,"Middle East, North Africa, Afghanistan & Pakistan",,,19.4,Yes,Yes,Yes,Yes,"Loi No. 103-13 relative à la lutte contre les violences faites aux femmes, Art. 1; Code Pénal, Art. 486",Yes,No,Yes,Yes,Yes,Yes,No,Yes
MOZ,Mozambique,Sub-Saharan Africa,2.1,23.6,13.1,Yes,Yes,Yes,Yes,"Law on Domestic Violence Perpetrated against Women, Arts. 3, 17 and 18; Criminal Code, Art. 40(22) and (26)",Yes,No,No,No,Yes,No,No,No
MMR,Myanmar,East Asia & Pacific,1.3,18.5,9.2,No,No,No,No,No applicable provisions could be located,No,No,No,No,Yes,Yes,No,No
NAM,Namibia,Sub-Saharan Africa,8.6,26.1,15.8,Yes,Yes,Yes,Yes,"Combating of Domestic Violence Act 4 of 2003, Sec. 2(1)(b); Combating of Rape Act 8 of 2000, Sec. 2(3)",No,No,No,Yes,Yes,Yes,No,No
NRU,Naoero,East Asia & Pacific,39.9,45.4,18.7,,,,,,,,,,,,,
NPL,Nepal,South Asia,3.3,26.7,11.4,Yes,Yes,Yes,Yes,"Domestic Violence (Crime and Punishment) Act, 2008, Secs. 2(a) and (e); National Penal (Code) Act, 2017, Sec. 219(4)",Yes,No,No,Yes,Yes,Yes,No,No
NLD,Netherlands,Europe & Central Asia,28.7,16.7,4.6,Yes,Yes,Yes,Yes,"Social Support Act 2015, Art. 1.1.1; Criminal Code, Art. 242",Yes,No,Yes,No,Yes,Yes,No,No
NZL,New Zealand,East Asia & Pacific,7.1,27.2,1,Yes,Yes,Yes,Yes,"Family Violence Act, Sec. 9(2)(b); Crimes Act, Sec. 128(4)",Yes,Yes,Yes,Yes,Yes,Yes,No,No
NIC,Nicaragua,Latin America & Caribbean,,19.7,5.3,Yes,Yes,Yes,Yes,"Ley Integral contra la Violencia hacia las Mujeres No. 779, Art. 8(g); Código de Familia, Arts. 46 y 47(b); Código Penal, Arts. 37, 167 y 169",Yes,Yes,No,Yes,Yes,No,Yes,N/A
NER,Niger,Sub-Saharan Africa,,,12.3,No,No,No,No,No applicable provisions could be located,Yes,No,No,No,Yes,No,No,No
NGA,Nigeria,Sub-Saharan Africa,4,31.3,17.4,Yes,No,Yes,No,No applicable provisions could be located,Yes,Yes,No,Yes,Yes,Yes,No,No
MKD,North Macedonia,Europe & Central Asia,2.1,9.5,3.5,Yes,Yes,Yes,Yes,"Law on Prevention and Protection from Violence Against Women and Domestic Violence, Art. 3(3) and (18); Criminal Code, Arts. 122(21), 186(8) and (9)",Yes,Yes,Yes,Yes,Yes,Yes,Yes,N/A
NOR,Norway,Europe & Central Asia,,21.5,3.5,Yes,Yes,Yes,No,No applicable provisions could be located,Yes,Yes,Yes,No,Yes,Yes,No,No
OMN,Oman,"Middle East, North Africa, Afghanistan & Pakistan",,,,No,No,No,No,No applicable provisions could be located,No,No,No,No,No,Yes,No,No
PAK,Pakistan,"Middle East, North Africa, Afghanistan & Pakistan",7.1,24.9,11.9,Yes,Yes,Yes,Yes,"Domestic Violence (Prevention and Protection) Act, 2013, Sec. 5(l); Penal Code, Sec. 375",Yes,No,Yes,Yes,Yes,Yes,No,No
PLW,Palau,East Asia & Pacific,14.9,23.2,8,Yes,Yes,Yes,No,No applicable provisions could be located,No,No,No,No,Yes,No,No,No
PAN,Panama,Latin America & Caribbean,2.4,16.3,4.6,Yes,Yes,Yes,Yes,"Ley No. 38 de 2001, Art. 2(8) y (11); Ley No. 82 de 2013, Arts. 3 y 4(26); Código Penal, Arts. 91 y 174",Yes,Yes,No,No,Yes,Yes,Yes,N/A
PNG,Papua New Guinea,East Asia & Pacific,15.2,56.1,39.8,Yes,Yes,Yes,Yes,"Family Protection Act, Sec. 5(1)(c); Family Protection (Amendment) Act, Sec. 1; Criminal Code Act 1974, Sec. 347",No,No,No,Yes,Yes,No,No,No
PRY,Paraguay,Latin America & Caribbean,2.6,19.8,3.1,Yes,Yes,Yes,Yes,"Ley No. 1600/00, Art. 1; Ley No. 5777/16, Arts. 3(a) y 5(a); Código Penal, Art. 128",Yes,No,No,No,Yes,No,Yes,N/A
PER,Peru,Latin America & Caribbean,10.2,24.5,7.2,Yes,Yes,Yes,Yes,"Ley No. 30364, Art. 8(c); Código Penal, Art. 170(3)",Yes,Yes,No,Yes,Yes,Yes,Yes,N/A
PHL,Philippines,East Asia & Pacific,2.5,6.7,2.7,Yes,Yes,Yes,Yes,"Anti-Violence Against Women and Their Children Act of 2004, Sec. 3(a)(B)",Yes,Yes,Yes,Yes,Yes,Yes,No,No
POL,Poland,Europe & Central Asia,3,10.1,1.6,Yes,Yes,Yes,Yes,"Act on Counteracting Domestic Violence, Art. 2(1)(1)(b); Penal Code, Art. 197",Yes,Yes,No,No,Yes,Yes,No,No
PRT,Portugal,Europe & Central Asia,4.7,9.8,4.2,Yes,Yes,Yes,Yes,"Penal Code, Arts. 152 and 164",Yes,No,No,No,Yes,Yes,No,No
PRI,Puerto Rico (US),Latin America & Caribbean,,,,Yes,Yes,Yes,Yes,"Ley No. 54 para la Prevención e Intervención con la Violencia Doméstica, Arts. 3.2(h) y 3.5",Yes,Yes,No,Yes,Yes,Yes,Yes,N/A
QAT,Qatar,"Middle East, North Africa, Afghanistan & Pakistan",,,,No,No,No,No,No applicable provisions could be located,No,No,Yes,Yes,No,No,No,No
ROU,Romania,Europe & Central Asia,5.8,35.7,9.8,Yes,Yes,Yes,Yes,"Law on Preventing and Combating Domestic Violence, Art. 4(d)",Yes,Yes,No,Yes,Yes,No,No,Yes
RUS,Russian Federation,Europe & Central Asia,,,,No,No,No,No,No applicable provisions could be located,No,No,No,No,Yes,Yes,No,No
RWA,Rwanda,Sub-Saharan Africa,11.1,36.7,17.1,Yes,Yes,No,Yes,"Law No. 59/2008, Arts. 2(1), 5, 19 and 26",Yes,No,No,No,Yes,Yes,No,No
WSM,Samoa,East Asia & Pacific,7.1,35.3,24.3,Yes,No,Yes,Yes,"Family Safety Act 2013, Sec. 2; Crimes Act 2013, Secs. 49(1) and (4), and 50",Yes,No,No,No,Yes,No,No,No
SMR,San Marino,Europe & Central Asia,,,,Yes,Yes,Yes,Yes,"Law No. 97 of 2008, Art. 2; Law No. 57 of 6 May 2016, Art. 2; Criminal Code, Arts. 171.1 and 172.1-2",Yes,Yes,No,Yes,Yes,Yes,No,No
STP,Sao Tome and Principe,Sub-Saharan Africa,2.9,30,17.4,Yes,Yes,Yes,Yes,"Law on Domestic and Family Violence, Arts. 5(c), 7(c) and 15",Yes,No,No,No,Yes,Yes,No,No
SAU,Saudi Arabia,"Middle East, North Africa, Afghanistan & Pakistan",,,,Yes,Yes,Yes,No,No applicable provisions could be located,Yes,Yes,No,Yes,No,Yes,No,No
SEN,Senegal,Sub-Saharan Africa,7.3,20.7,9.5,Yes,Yes,No,No,No applicable provisions could be located,Yes,No,No,No,Yes,No,No,No
SRB,Serbia,Europe & Central Asia,3.2,9.3,3.3,Yes,Yes,Yes,Yes,"Family Law, Art. 197; Law on the Prevention of Domestic Violence, Arts. 3 and 4(2)",Yes,No,No,No,Yes,Yes,No,No
SYC,Seychelles,Sub-Saharan Africa,,,,Yes,Yes,Yes,Yes,"Penal Code, Sec. 130; Domestic Violence Act of 2020, Secs. 2, 3(1)(c) and 27(4)(b)",No,No,Yes,Yes,Yes,Yes,No,No
SLE,Sierra Leone,Sub-Saharan Africa,3.8,54.4,36.8,Yes,Yes,Yes,Yes,"Domestic Violence Act, 2007, Sec. 2(2)(a); The Sexual Offences Act, 2012, Secs. 5-6",Yes,Yes,No,Yes,Yes,Yes,No,No
SGP,Singapore,East Asia & Pacific,4,6.6,2.3,Yes,Yes,Yes,No,No applicable provisions could be located,Yes,No,No,Yes,Yes,Yes,No,No
SVK,Slovak Republic,Europe & Central Asia,7.1,28.4,5.1,Yes,Yes,Yes,Yes,"Criminal Code, Secs. 127(4), 127(5), 199, 200 and 201",Yes,Yes,No,Yes,Yes,Yes,No,No
SVN,Slovenia,Europe & Central Asia,7.1,10.7,2.8,Yes,Yes,Yes,Yes,"Domestic Violence Prevention Act, Arts. 3(2) and (4); Criminal Code, Art. 170-171",Yes,Yes,No,Yes,Yes,Yes,No,Yes
SLB,Solomon Islands,East Asia & Pacific,15.2,58,29.6,Yes,Yes,Yes,Yes,"Family Protection Act, Secs. 3 and 4(1)(b); Penal Code, Sec. 136F(2)",No,No,No,No,Yes,No,No,No
SOM,"Somalia, Fed. Rep.",Sub-Saharan Africa,,15.7,,No,No,No,No,No applicable provisions could be located,No,No,No,No,Yes,No,No,No
ZAF,South Africa,Sub-Saharan Africa,2.2,21.8,9.4,Yes,Yes,Yes,Yes,"Domestic Violence Act of 1998, Sec. 1; Criminal Law (Sexual Offences and Related Matters) Amendment Act 32 of 2007, Arts. 3, 4 and 56(1)",Yes,No,No,Yes,Yes,No,No,No
SSD,South Sudan,Sub-Saharan Africa,20.5,54.9,36.4,No,No,No,No,No applicable provisions could be located,Yes,No,Yes,Yes,Yes,Yes,No,No
ESP,Spain,Europe & Central Asia,6.4,17.3,2.2,Yes,Yes,Yes,Yes,"Ley Orgánica 1/2004 de Medidas de Protección Integral contra la Violencia de Género, Art. 1(3); Código Penal, Arts. 178, 179 y 180(4)(5)",Yes,Yes,No,Yes,Yes,Yes,No,Yes
LKA,Sri Lanka,South Asia,4.9,17.6,7.3,Yes,Yes,Yes,No,No applicable provisions could be located,Yes,No,No,Yes,Yes,No,No,No
KNA,St. Kitts and Nevis,Latin America & Caribbean,,,,Yes,Yes,Yes,Yes,"Domestic Violence Act, Sec. 2; Offences against the Person Act, Art. 46",No,No,No,No,Yes,No,No,No
LCA,St. Lucia,Latin America & Caribbean,,,,Yes,Yes,Yes,No,No applicable provisions could be located,Yes,No,No,No,Yes,No,No,No
VCT,St. Vincent and the Grenadines,Latin America & Caribbean,,,,Yes,Yes,Yes,Yes,"Domestic Violence Act, Sec. 2; Criminal Code, Art. 123",No,No,No,Yes,Yes,No,No,No
SDN,Sudan,Sub-Saharan Africa,,,25.4,No,No,No,No,No applicable provisions could be located,No,No,Yes,No,No,No,No,No
SUR,Suriname,Latin America & Caribbean,11.3,30.4,6.1,Yes,Yes,Yes,Yes,"Act Combating Domestic Violence, Art. 1(j) and (q); Criminal Code, Art. 295",Yes,No,No,No,Yes,Yes,No,No
SWE,Sweden,Europe & Central Asia,38,23.9,3.9,Yes,Yes,Yes,Yes,"Penal Code (1962:700), Ch. 4, Sec. 4a and Ch. 6, Secs. 1 and 2",Yes,Yes,No,No,Yes,Yes,No,No
CHE,Switzerland,Europe & Central Asia,22.2,12.9,3.7,Yes,Yes,Yes,Yes,"Protection Against Violence Act, Sec. 2; Swiss Criminal Code, Art. 190",Yes,No,No,Yes,Yes,Yes,No,No
SYR,Syrian Arab Republic,"Middle East, North Africa, Afghanistan & Pakistan",,,,No,No,No,No,No applicable provisions could be located,No,No,No,No,No,Yes,No,No
TWN,"Taiwan, China",East Asia & Pacific,,,,Yes,No,Yes,No,No applicable provisions could be located,Yes,Yes,No,Yes,Yes,Yes,No,No
TJK,Tajikistan,Europe & Central Asia,0.2,26.5,14.8,Yes,No,Yes,Yes,"Law on the Prevention of Domestic Violence, Art. 1; Criminal Code, Art. 138",No,No,No,No,Yes,Yes,No,No
TZA,Tanzania,Sub-Saharan Africa,7.5,33.9,21.9,No,No,No,No,No applicable provisions could be located,Yes,No,No,Yes,Yes,No,No,No
THA,Thailand,East Asia & Pacific,7,32.5,12.5,Yes,Yes,Yes,No,No applicable provisions could be located,Yes,No,Yes,No,Yes,Yes,No,No
TLS,Timor-Leste,East Asia & Pacific,1.9,40.5,30.2,Yes,Yes,Yes,Yes,"Domestic Violence Law, Art. 2(2)(b); Penal Code, Arts. 52(2)(l) and 173(a)",No,No,Yes,No,No,No,No,No
TGO,Togo,Sub-Saharan Africa,8.3,21.8,9.3,Yes,Yes,Yes,Yes,"Code Pénal, Arts. 211-212 et 232",Yes,Yes,No,Yes,Yes,No,No,No
TON,Tonga,East Asia & Pacific,3,19.8,11.3,Yes,Yes,Yes,Yes,"Family Protection Act, Secs. 2 and 4(b)(i); Criminal Offences Act, Sec. 118",No,No,No,Yes,Yes,No,No,No
TTO,Trinidad and Tobago,Latin America & Caribbean,12.6,28.3,5.7,Yes,Yes,Yes,Yes,"Domestic Violence Act 1999, Sec. 3; Domestic Violence (Amendment) Act 2020, Sec. 3; Sexual Offences Act, Secs. 4(5-6)",No,No,No,Yes,Yes,Yes,No,No
TUN,Tunisia,"Middle East, North Africa, Afghanistan & Pakistan",,20.1,5,Yes,Yes,Yes,Yes,"Loi organique No. 2017-58 du 11 août 2017, relative à l’élimination de la violence à l’égard des femmes, Art. 3 et 15 (Art. 227 Nouveau)",Yes,No,No,No,Yes,Yes,No,No
TUR,Turkiye,Europe & Central Asia,2.2,36.6,11.7,Yes,Yes,Yes,Yes,"Law to Protect Family and Prevent Violence Against Women, Arts. 2(1)(b) and (d); Penal Code, Art. 102",Yes,Yes,No,Yes,Yes,No,No,Yes
TKM,Turkmenistan,Europe & Central Asia,0.7,11.8,3.2,,,,,,,,,,,,,
TCA,Turks and Caicos Islands,Latin America & Caribbean,7.9,20.4,7,,,,,,,,,,,,,
TUV,Tuvalu,East Asia & Pacific,10.8,37.7,23,,,,,,,,,,,,,
UGA,Uganda,Sub-Saharan Africa,11.1,46.6,22.2,Yes,Yes,Yes,Yes,"Domestic Violence Act 2010, Sec. 2; Penal Code Act, Arts. 123-125",Yes,No,No,Yes,Yes,Yes,No,No
UKR,Ukraine,Europe & Central Asia,5.3,23.7,8.6,Yes,Yes,Yes,Yes,"Law on Prevention and Counteraction to Domestic Violence, Art. 1; Criminal Code, Art. 152(2)",Yes,No,No,No,Yes,Yes,No,No
ARE,United Arab Emirates,"Middle East, North Africa, Afghanistan & Pakistan",,,,Yes,Yes,Yes,Yes,"Federal Decree-Law No. 13 of 2024 on Protection from Domestic Violence, Art. 4; Federal Decree-Law No. (31) of 2021, Art. 406",Yes,No,Yes,Yes,No,Yes,No,No
GBR,United Kingdom,Europe & Central Asia,7.3,25.4,3.7,Yes,Yes,Yes,Yes,"Domestic Abuse Act, Sec. 1(3)(a); Sexual Offences Act, Sec. 1",Yes,Yes,No,Yes,Yes,Yes,No,No
USA,United States,North America,10.5,28.3,6.6,Yes,Yes,Yes,Yes,"Violent Crime Control and Law Enforcement Act of 1994, Title IV, Sec. 40002 (12); N.Y. Social Services Law Art. 6-A, Sec. 459-a(1)(i); N. Y. Penal Law, Secs. 130.25-130.35",Yes,No,No,Yes,Yes,Yes,No,No
URY,Uruguay,Latin America & Caribbean,,23.6,4.2,Yes,Yes,Yes,Yes,"Ley No. 17.514, Art. 3(c); Ley No. 19580, Art. 6(c) y (o); Código Penal, Arts. 272 y 279",Yes,Yes,No,Yes,Yes,No,Yes,N/A
UZB,Uzbekistan,Europe & Central Asia,,,,Yes,Yes,No,No,No applicable provisions could be located,No,No,No,No,Yes,Yes,No,No
VUT,Vanuatu,East Asia & Pacific,28.8,55.7,32,Yes,Yes,Yes,Yes,"Family Protection Act, Sec. 4(1)(c); Penal Code, Sec. 90",No,No,No,Yes,Yes,No,No,No
VEN,"Venezuela, RB",Latin America & Caribbean,,20.4,9.6,Yes,Yes,Yes,Yes,"Ley No. 38.668, Arts. 19(6-7) y 57; Ley No. 6.667, Art. 11",Yes,Yes,No,Yes,Yes,Yes,Yes,N/A
VNM,Viet Nam,East Asia & Pacific,10.3,24.7,9.9,Yes,Yes,Yes,Yes,"Law No. 13/2022/QH15 on Domestic Violence Prevention and Control, Arts. 2.1 and 3.1(i)",Yes,No,No,Yes,Yes,Yes,No,No
PSE,West Bank and Gaza,"Middle East, North Africa, Afghanistan & Pakistan",,34.2,18.7,No,No,No,No,No applicable provisions could be located,No,No,No,No,No,Yes,No,No
YEM,"Yemen, Rep.","Middle East, North Africa, Afghanistan & Pakistan",,,,No,No,No,No,No applicable provisions could be located,No,No,No,No,No,No,No,No
ZMB,Zambia,Sub-Saharan Africa,7.8,39.4,17.8,Yes,Yes,Yes,Yes,"Anti-Gender-Based Violence Act, 2010, Sec. 3(1); The Penal Code Act, Sec. 132",Yes,Yes,Yes,Yes,Yes,Yes,No,No
ZWE,Zimbabwe,Sub-Saharan Africa,10.9,40.5,13.7,Yes,Yes,Yes,No,No applicable provisions could be located,Yes,No,No,Yes,Yes,Yes,No,No
WLD,World,Aggregates,8.2,24.7,11.4,,,,,,,,,,,,,
