state,women_contact_sv_pct,men_contact_sv_pct,source_url,source_name,report_date
Alabama,43.8,,https://www.cdc.gov/nisvs/media/pdfs/sexualviolence-brief.pdf,"NISVS 2023/2024 Sexual Violence Data Brief, Tables 2 & 7",2025-12
Alaska,69.9,,https://www.cdc.gov/nisvs/media/pdfs/sexualviolence-brief.pdf,"NISVS 2023/2024 Sexual Violence Data Brief, Tables 2 & 7",2025-12
Arizona,53.1,,https://www.cdc.gov/nisvs/media/pdfs/sexualviolence-brief.pdf,"NISVS 2023/2024 Sexual Violence Data Brief, Tables 2 & 7",2025-12
Arkansas,50.6,,https://www.cdc.gov/nisvs/media/pdfs/sexualviolence-brief.pdf,"NISVS 2023/2024 Sexual Violence Data Brief, Tables 2 & 7",2025-12
California,42.5,15.1,https://www.cdc.gov/nisvs/media/pdfs/sexualviolence-brief.pdf,"NISVS 2023/2024 Sexual Violence Data Brief, Tables 2 & 7",2025-12
Colorado,53.0,19.9,https://www.cdc.gov/nisvs/media/pdfs/sexualviolence-brief.pdf,"NISVS 2023/2024 Sexual Violence Data Brief, Tables 2 & 7",2025-12
Connecticut,41.0,,https://www.cdc.gov/nisvs/media/pdfs/sexualviolence-brief.pdf,"NISVS 2023/2024 Sexual Violence Data Brief, Tables 2 & 7",2025-12
Delaware,49.1,,https://www.cdc.gov/nisvs/media/pdfs/sexualviolence-brief.pdf,"NISVS 2023/2024 Sexual Violence Data Brief, Tables 2 & 7",2025-12
District of Columbia,61.9,35.9,https://www.cdc.gov/nisvs/media/pdfs/sexualviolence-brief.pdf,"NISVS 2023/2024 Sexual Violence Data Brief, Tables 2 & 7",2025-12
Florida,42.2,17.8,https://www.cdc.gov/nisvs/media/pdfs/sexualviolence-brief.pdf,"NISVS 2023/2024 Sexual Violence Data Brief, Tables 2 & 7",2025-12
Georgia,46.3,23.7,https://www.cdc.gov/nisvs/media/pdfs/sexualviolence-brief.pdf,"NISVS 2023/2024 Sexual Violence Data Brief, Tables 2 & 7",2025-12
Hawaii,35.1,,https://www.cdc.gov/nisvs/media/pdfs/sexualviolence-brief.pdf,"NISVS 2023/2024 Sexual Violence Data Brief, Tables 2 & 7",2025-12
Idaho,47.2,22.0,https://www.cdc.gov/nisvs/media/pdfs/sexualviolence-brief.pdf,"NISVS 2023/2024 Sexual Violence Data Brief, Tables 2 & 7",2025-12
Illinois,42.8,18.3,https://www.cdc.gov/nisvs/media/pdfs/sexualviolence-brief.pdf,"NISVS 2023/2024 Sexual Violence Data Brief, Tables 2 & 7",2025-12
Indiana,45.9,20.6,https://www.cdc.gov/nisvs/media/pdfs/sexualviolence-brief.pdf,"NISVS 2023/2024 Sexual Violence Data Brief, Tables 2 & 7",2025-12
Iowa,36.6,,https://www.cdc.gov/nisvs/media/pdfs/sexualviolence-brief.pdf,"NISVS 2023/2024 Sexual Violence Data Brief, Tables 2 & 7",2025-12
Kansas,47.8,,https://www.cdc.gov/nisvs/media/pdfs/sexualviolence-brief.pdf,"NISVS 2023/2024 Sexual Violence Data Brief, Tables 2 & 7",2025-12
Kentucky,45.0,,https://www.cdc.gov/nisvs/media/pdfs/sexualviolence-brief.pdf,"NISVS 2023/2024 Sexual Violence Data Brief, Tables 2 & 7",2025-12
Louisiana,47.1,,https://www.cdc.gov/nisvs/media/pdfs/sexualviolence-brief.pdf,"NISVS 2023/2024 Sexual Violence Data Brief, Tables 2 & 7",2025-12
Maine,54.9,21.7,https://www.cdc.gov/nisvs/media/pdfs/sexualviolence-brief.pdf,"NISVS 2023/2024 Sexual Violence Data Brief, Tables 2 & 7",2025-12
Maryland,57.2,,https://www.cdc.gov/nisvs/media/pdfs/sexualviolence-brief.pdf,"NISVS 2023/2024 Sexual Violence Data Brief, Tables 2 & 7",2025-12
Massachusetts,39.3,,https://www.cdc.gov/nisvs/media/pdfs/sexualviolence-brief.pdf,"NISVS 2023/2024 Sexual Violence Data Brief, Tables 2 & 7",2025-12
Michigan,43.3,,https://www.cdc.gov/nisvs/media/pdfs/sexualviolence-brief.pdf,"NISVS 2023/2024 Sexual Violence Data Brief, Tables 2 & 7",2025-12
Minnesota,56.2,16.1,https://www.cdc.gov/nisvs/media/pdfs/sexualviolence-brief.pdf,"NISVS 2023/2024 Sexual Violence Data Brief, Tables 2 & 7",2025-12
Mississippi,36.0,,https://www.cdc.gov/nisvs/media/pdfs/sexualviolence-brief.pdf,"NISVS 2023/2024 Sexual Violence Data Brief, Tables 2 & 7",2025-12
Missouri,49.9,,https://www.cdc.gov/nisvs/media/pdfs/sexualviolence-brief.pdf,"NISVS 2023/2024 Sexual Violence Data Brief, Tables 2 & 7",2025-12
Montana,47.9,19.0,https://www.cdc.gov/nisvs/media/pdfs/sexualviolence-brief.pdf,"NISVS 2023/2024 Sexual Violence Data Brief, Tables 2 & 7",2025-12
Nebraska,52.4,15.4,https://www.cdc.gov/nisvs/media/pdfs/sexualviolence-brief.pdf,"NISVS 2023/2024 Sexual Violence Data Brief, Tables 2 & 7",2025-12
Nevada,44.3,16.2,https://www.cdc.gov/nisvs/media/pdfs/sexualviolence-brief.pdf,"NISVS 2023/2024 Sexual Violence Data Brief, Tables 2 & 7",2025-12
New Hampshire,53.8,11.0,https://www.cdc.gov/nisvs/media/pdfs/sexualviolence-brief.pdf,"NISVS 2023/2024 Sexual Violence Data Brief, Tables 2 & 7",2025-12
New Jersey,37.0,,https://www.cdc.gov/nisvs/media/pdfs/sexualviolence-brief.pdf,"NISVS 2023/2024 Sexual Violence Data Brief, Tables 2 & 7",2025-12
New Mexico,51.9,12.2,https://www.cdc.gov/nisvs/media/pdfs/sexualviolence-brief.pdf,"NISVS 2023/2024 Sexual Violence Data Brief, Tables 2 & 7",2025-12
New York,46.1,12.2,https://www.cdc.gov/nisvs/media/pdfs/sexualviolence-brief.pdf,"NISVS 2023/2024 Sexual Violence Data Brief, Tables 2 & 7",2025-12
North Carolina,47.2,23.2,https://www.cdc.gov/nisvs/media/pdfs/sexualviolence-brief.pdf,"NISVS 2023/2024 Sexual Violence Data Brief, Tables 2 & 7",2025-12
North Dakota,35.9,,https://www.cdc.gov/nisvs/media/pdfs/sexualviolence-brief.pdf,"NISVS 2023/2024 Sexual Violence Data Brief, Tables 2 & 7",2025-12
Ohio,49.9,,https://www.cdc.gov/nisvs/media/pdfs/sexualviolence-brief.pdf,"NISVS 2023/2024 Sexual Violence Data Brief, Tables 2 & 7",2025-12
Oklahoma,42.7,,https://www.cdc.gov/nisvs/media/pdfs/sexualviolence-brief.pdf,"NISVS 2023/2024 Sexual Violence Data Brief, Tables 2 & 7",2025-12
Oregon,57.4,15.2,https://www.cdc.gov/nisvs/media/pdfs/sexualviolence-brief.pdf,"NISVS 2023/2024 Sexual Violence Data Brief, Tables 2 & 7",2025-12
Pennsylvania,40.2,,https://www.cdc.gov/nisvs/media/pdfs/sexualviolence-brief.pdf,"NISVS 2023/2024 Sexual Violence Data Brief, Tables 2 & 7",2025-12
Rhode Island,48.3,,https://www.cdc.gov/nisvs/media/pdfs/sexualviolence-brief.pdf,"NISVS 2023/2024 Sexual Violence Data Brief, Tables 2 & 7",2025-12
South Carolina,44.9,,https://www.cdc.gov/nisvs/media/pdfs/sexualviolence-brief.pdf,"NISVS 2023/2024 Sexual Violence Data Brief, Tables 2 & 7",2025-12
South Dakota,42.0,,https://www.cdc.gov/nisvs/media/pdfs/sexualviolence-brief.pdf,"NISVS 2023/2024 Sexual Violence Data Brief, Tables 2 & 7",2025-12
Tennessee,48.5,,https://www.cdc.gov/nisvs/media/pdfs/sexualviolence-brief.pdf,"NISVS 2023/2024 Sexual Violence Data Brief, Tables 2 & 7",2025-12
Texas,35.6,25.7,https://www.cdc.gov/nisvs/media/pdfs/sexualviolence-brief.pdf,"NISVS 2023/2024 Sexual Violence Data Brief, Tables 2 & 7",2025-12
Utah,58.2,19.9,https://www.cdc.gov/nisvs/media/pdfs/sexualviolence-brief.pdf,"NISVS 2023/2024 Sexual Violence Data Brief, Tables 2 & 7",2025-12
Vermont,56.3,15.6,https://www.cdc.gov/nisvs/media/pdfs/sexualviolence-brief.pdf,"NISVS 2023/2024 Sexual Violence Data Brief, Tables 2 & 7",2025-12
Virginia,53.6,14.7,https://www.cdc.gov/nisvs/media/pdfs/sexualviolence-brief.pdf,"NISVS 2023/2024 Sexual Violence Data Brief, Tables 2 & 7",2025-12
Washington,55.2,19.6,https://www.cdc.gov/nisvs/media/pdfs/sexualviolence-brief.pdf,"NISVS 2023/2024 Sexual Violence Data Brief, Tables 2 & 7",2025-12
West Virginia,44.6,,https://www.cdc.gov/nisvs/media/pdfs/sexualviolence-brief.pdf,"NISVS 2023/2024 Sexual Violence Data Brief, Tables 2 & 7",2025-12
Wisconsin,43.2,10.8,https://www.cdc.gov/nisvs/media/pdfs/sexualviolence-brief.pdf,"NISVS 2023/2024 Sexual Violence Data Brief, Tables 2 & 7",2025-12
Wyoming,55.9,,https://www.cdc.gov/nisvs/media/pdfs/sexualviolence-brief.pdf,"NISVS 2023/2024 Sexual Violence Data Brief, Tables 2 & 7",2025-12
